id,ground_truth_action,ground_truth_product,ground_truth_quantity,tier_0_clean,tier_1_lexical,tier_2_conversational,tier_3_cognitive
cmd_0001,update,orange juice,1,Update orange juice to 1.,update orange juc to 1 pls,"Hey, I changed my mind, can you update 1 orange juice?","Update 4 orange juice... wait, actually make it 1."
cmd_0002,update,wireless mouse,9,Update wireless mouse to 9.,update wireless mouse to 9 pls,"Alright, so I also want to update 9 wireless mouse.","I need 10 wireless mouse, hold on, change that to 9."
cmd_0003,add,headphones,6,Add 6 headphones.,add 6 headphones rn,"Uhm, let me see... could you please add 6 headphones?","Add 8 headphones... wait, actually make it 6."
cmd_0004,remove,apples,9,Remove 9 apples.,remove 9 apples rn,"Uhm, let me see... could you please remove 9 apples?","Put 7 apples in there... actually no, remove 9 instead."
cmd_0005,remove,apples,4,Remove 4 apples.,remove 4 apples rn,"So, uh, for the apples, let's remove 4.","I need 3 apples, hold on, change that to 4."
cmd_0006,update,toothbrush,2,Update toothbrush to 2.,update tothbrush to 2,"Oh, I almost forgot, please update 2 toothbrush.","Put 4 toothbrush in there... actually no, update 2 instead."
cmd_0007,add,paper towels,7,Add 7 paper towels.,add 7 paper towels,"Alright, so I also want to add 7 paper towels.","Put 9 paper towels in there... actually no, add 7 instead."
cmd_0008,remove,eggs,4,Remove 4 eggs.,remove 4 eggs,"So, uh, for the eggs, let's remove 4.","Put 3 eggs in there... actually no, remove 4 instead."
cmd_0009,update,tomato sauce,2,Update tomato sauce to 2.,update tomato sac to 2 rn,"Umm, could you go ahead and update 2 tomato sauce?","Update 4 tomato sauce... wait, actually make it 2."
cmd_0010,update,garlic,5,Update garlic to 5.,update garlic to 5 pls,"I was thinking, maybe update 5 garlic to the list.","Put 6 garlic in there... actually no, update 5 instead."
cmd_0011,update,bananas,5,Update bananas to 5.,update bananas to 5 pls,"Oh, I almost forgot, please update 5 bananas.","Update 8 bananas... wait, actually make it 5."
cmd_0012,update,paper towels,8,Update paper towels to 8.,updt paper towels to 8 rn,"Alright, so I also want to update 8 paper towels.","Put 6 paper towels in there... actually no, update 8 instead."
cmd_0013,add,toothpaste,8,Add 8 toothpaste.,add 8 toothpaste,"Umm, could you go ahead and add 8 toothpaste?","I need 7 toothpaste, hold on, change that to 8."
cmd_0014,remove,toothpaste,6,Remove 6 toothpaste.,remove 6 toothpste pls,"Uhm, let me see... could you please remove 6 toothpaste?","Put 4 toothpaste in there... actually no, remove 6 instead."
cmd_0015,add,gluten-free bread,6,Add 6 gluten-free bread.,add 6 gluten-free bread pls,"Umm, could you go ahead and add 6 gluten-free bread?","Add gluten-free bread, let's say 9 of them... wait, double check that, just do 6."
cmd_0016,add,pasta,7,Add 7 pasta.,add 7 pasta,"I was thinking, maybe add 7 pasta to the list.","Add 5 pasta... wait, actually make it 7."
cmd_0017,add,coffee beans,6,Add 6 coffee beans.,add 6 cffee beans rn,"Oh, I almost forgot, please add 6 coffee beans.","Add 9 coffee beans... wait, actually make it 6."
cmd_0018,add,conditioner,9,Add 9 conditioner.,add 9 conditioner rn,"Alright, so I also want to add 9 conditioner.","Put 11 conditioner in there... actually no, add 9 instead."
cmd_0019,remove,dark chocolate bar,3,Remove 3 dark chocolate bar.,remove 3 dark chocolate bar,"Oh, I almost forgot, please remove 3 dark chocolate bar.","Remove dark chocolate bar, let's say 6 of them... wait, double check that, just do 3."
cmd_0020,add,wireless mouse,5,Add 5 wireless mouse.,add 5 wireless mouse,"Uhm, let me see... could you please add 5 wireless mouse?","Add 8 wireless mouse... wait, actually make it 5."
cmd_0021,add,Greek yogurt,10,Add 10 Greek yogurt.,add 10 greek yogurt,"Uhm, let me see... could you please add 10 Greek yogurt?","Add 13 Greek yogurt... wait, actually make it 10."
cmd_0022,remove,toothpaste,10,Remove 10 toothpaste.,remove 10 toothpaste,"So, uh, for the toothpaste, let's remove 10.","Put 12 toothpaste in there... actually no, remove 10 instead."
cmd_0023,update,conditioner,5,Update conditioner to 5.,update conditioner to 5,"Uhm, let me see... could you please update 5 conditioner?","Put 3 conditioner in there... actually no, update 5 instead."
cmd_0024,update,running shoes,3,Update running shoes to 3.,update running shoes to 3,"Umm, could you go ahead and update 3 running shoes?","Update 6 running shoes... wait, actually make it 3."
cmd_0025,update,chicken breast,5,Update chicken breast to 5.,update chcken breast to 5 pls,"Hey, I changed my mind, can you update 5 chicken breast?","Put 6 chicken breast in there... actually no, update 5 instead."
cmd_0026,update,shampoo,5,Update shampoo to 5.,update shampoo to 5,"Uhm, let me see... could you please update 5 shampoo?","I need 3 shampoo, hold on, change that to 5."
cmd_0027,add,shampoo,5,Add 5 shampoo.,add 5 shampoo rn,"I was thinking, maybe add 5 shampoo to the list.","Add 4 shampoo... wait, actually make it 5."
cmd_0028,remove,salmon fillet,9,Remove 9 salmon fillet.,remov 9 salmon fillet pls,"Hey, I changed my mind, can you remove 9 salmon fillet?","I need 7 salmon fillet, hold on, change that to 9."
cmd_0029,update,green tea,10,Update green tea to 10.,update green tea to 10 pls,"Alright, so I also want to update 10 green tea.","Put 8 green tea in there... actually no, update 10 instead."
cmd_0030,update,laundry detergent,7,Update laundry detergent to 7.,update laundry detergent to 7 pls,"Oh, I almost forgot, please update 7 laundry detergent.","Update laundry detergent, let's say 5 of them... wait, double check that, just do 7."
cmd_0031,add,wireless mouse,8,Add 8 wireless mouse.,add 8 wireless mouse,"So, uh, for the wireless mouse, let's add 8.","I need 6 wireless mouse, hold on, change that to 8."
cmd_0032,remove,conditioner,9,Remove 9 conditioner.,remove 9 conditioner rn,"So, uh, for the conditioner, let's remove 9.","I need 8 conditioner, hold on, change that to 9."
cmd_0033,add,bananas,10,Add 10 bananas.,add 10 bananas,"Alright, so I also want to add 10 bananas.","Put 13 bananas in there... actually no, add 10 instead."
cmd_0034,remove,gluten-free bread,7,Remove 7 gluten-free bread.,rmv 7 gluten-free bread pls,"I was thinking, maybe remove 7 gluten-free bread to the list.","I need 8 gluten-free bread, hold on, change that to 7."
cmd_0035,update,orange juice,5,Update orange juice to 5.,update orange juice to 5 pls,"I was thinking, maybe update 5 orange juice to the list.","Put 7 orange juice in there... actually no, update 5 instead."
cmd_0036,update,ground beef,5,Update ground beef to 5.,update ground beef to 5,"Alright, so I also want to update 5 ground beef.","Put 7 ground beef in there... actually no, update 5 instead."
cmd_0037,update,pasta,3,Update pasta to 3.,update pasta to 3 pls,"Oh, I almost forgot, please update 3 pasta.","I need 2 pasta, hold on, change that to 3."
cmd_0038,add,wireless mouse,3,Add 3 wireless mouse.,add 3 wireless mouse pls,"Alright, so I also want to add 3 wireless mouse.","Put 6 wireless mouse in there... actually no, add 3 instead."
cmd_0039,update,body wash,7,Update body wash to 7.,update body wash to 7 rn,"Alright, so I also want to update 7 body wash.","Put 6 body wash in there... actually no, update 7 instead."
cmd_0040,update,balsamic vinegar,8,Update balsamic vinegar to 8.,updat balsamic vinegar to 8,"Alright, so I also want to update 8 balsamic vinegar.","Update balsamic vinegar, let's say 11 of them... wait, double check that, just do 8."
cmd_0041,update,salt,3,Update salt to 3.,update salt to 3,"Umm, could you go ahead and update 3 salt?","Put 5 salt in there... actually no, update 3 instead."
cmd_0042,remove,salt,2,Remove 2 salt.,remove 2 salt rn,"Hey, I changed my mind, can you remove 2 salt?","Remove salt, let's say 1 of them... wait, double check that, just do 2."
cmd_0043,update,cheddar cheese,4,Update cheddar cheese to 4.,updat cheddar cheese to 4,"Oh, I almost forgot, please update 4 cheddar cheese.","Update cheddar cheese, let's say 7 of them... wait, double check that, just do 4."
cmd_0044,remove,whole milk,6,Remove 6 whole milk.,remove 6 whole milk,"Oh, I almost forgot, please remove 6 whole milk.","Put 9 whole milk in there... actually no, remove 6 instead."
cmd_0045,remove,laptop sleeve,5,Remove 5 laptop sleeve.,remove 5 laptop sleeve rn,"Alright, so I also want to remove 5 laptop sleeve.","Remove 4 laptop sleeve... wait, actually make it 5."
cmd_0046,remove,salmon fillet,10,Remove 10 salmon fillet.,remove 10 salmon fillet pls,"So, uh, for the salmon fillet, let's remove 10.","I need 12 salmon fillet, hold on, change that to 10."
cmd_0047,add,black pepper,6,Add 6 black pepper.,add 6 black pepper,"Alright, so I also want to add 6 black pepper.","Add 4 black pepper... wait, actually make it 6."
cmd_0048,remove,laptop sleeve,2,Remove 2 laptop sleeve.,remove 2 laptop sleeve pls,"Uhm, let me see... could you please remove 2 laptop sleeve?","Put 5 laptop sleeve in there... actually no, remove 2 instead."
cmd_0049,add,eggs,8,Add 8 eggs.,add 8 eggs,"Hey, I changed my mind, can you add 8 eggs?","Add 11 eggs... wait, actually make it 8."
cmd_0050,add,winter jacket,2,Add 2 winter jacket.,add 2 winter jacket,"Hey, I changed my mind, can you add 2 winter jacket?","Put 4 winter jacket in there... actually no, add 2 instead."
cmd_0051,add,body wash,5,Add 5 body wash.,add 5 bdy wash,"So, uh, for the body wash, let's add 5.","I need 3 body wash, hold on, change that to 5."
cmd_0052,add,green tea,8,Add 8 green tea.,add 8 green tea,"I was thinking, maybe add 8 green tea to the list.","I need 11 green tea, hold on, change that to 8."
cmd_0053,update,garlic,8,Update garlic to 8.,update garlic to 8 pls,"Uhm, let me see... could you please update 8 garlic?","Update garlic, let's say 9 of them... wait, double check that, just do 8."
cmd_0054,add,fish flakes,8,Add 8 fish flakes.,add 8 fish flakes,"So, uh, for the fish flakes, let's add 8.","I need 9 fish flakes, hold on, change that to 8."
cmd_0055,remove,tofu,5,Remove 5 tofu.,remove 5 tofu rn,"Alright, so I also want to remove 5 tofu.","Remove tofu, let's say 7 of them... wait, double check that, just do 5."
cmd_0056,add,apples,5,Add 5 apples.,add 5 apples,"Umm, could you go ahead and add 5 apples?","Add apples, let's say 6 of them... wait, double check that, just do 5."
cmd_0057,update,chicken breast,6,Update chicken breast to 6.,update chicken breast to 6,"Oh, I almost forgot, please update 6 chicken breast.","Put 5 chicken breast in there... actually no, update 6 instead."
cmd_0058,add,bird seed,8,Add 8 bird seed.,add 8 bird seed,"So, uh, for the bird seed, let's add 8.","I need 7 bird seed, hold on, change that to 8."
cmd_0059,add,winter jacket,1,Add 1 winter jacket.,add 1 winter jacket,"Uhm, let me see... could you please add 1 winter jacket?","I need 3 winter jacket, hold on, change that to 1."
cmd_0060,remove,pasta,8,Remove 8 pasta.,remove 8 pasta rn,"Uhm, let me see... could you please remove 8 pasta?","Remove pasta, let's say 10 of them... wait, double check that, just do 8."
cmd_0061,add,ground beef,1,Add 1 ground beef.,add 1 ground bef,"Umm, could you go ahead and add 1 ground beef?","Add ground beef, let's say 3 of them... wait, double check that, just do 1."
cmd_0062,remove,salt,5,Remove 5 salt.,remove 5 salt,"I was thinking, maybe remove 5 salt to the list.","Put 3 salt in there... actually no, remove 5 instead."
cmd_0063,update,headphones,5,Update headphones to 5.,update headphones to 5 pls,"I was thinking, maybe update 5 headphones to the list.","Update headphones, let's say 6 of them... wait, double check that, just do 5."
cmd_0064,add,toothbrush,4,Add 4 toothbrush.,add 4 toothbrush,"Alright, so I also want to add 4 toothbrush.","Put 2 toothbrush in there... actually no, add 4 instead."
cmd_0065,update,cheddar cheese,5,Update cheddar cheese to 5.,update cheddar cheese to 5 pls,"I was thinking, maybe update 5 cheddar cheese to the list.","Update cheddar cheese, let's say 6 of them... wait, double check that, just do 5."
cmd_0066,remove,olive oil,9,Remove 9 olive oil.,remove 9 olive l,"Oh, I almost forgot, please remove 9 olive oil.","Remove 10 olive oil... wait, actually make it 9."
cmd_0067,add,pasta,9,Add 9 pasta.,add 9 pst rn,"So, uh, for the pasta, let's add 9.","I need 11 pasta, hold on, change that to 9."
cmd_0068,remove,toothpaste,2,Remove 2 toothpaste.,remove 2 toothpaste pls,"Alright, so I also want to remove 2 toothpaste.","Remove 5 toothpaste... wait, actually make it 2."
cmd_0069,remove,apples,6,Remove 6 apples.,remove 6 apples,"Uhm, let me see... could you please remove 6 apples?","Remove apples, let's say 9 of them... wait, double check that, just do 6."
cmd_0070,remove,dark chocolate bar,4,Remove 4 dark chocolate bar.,remove 4 dark chocolate bar pls,"So, uh, for the dark chocolate bar, let's remove 4.","Remove dark chocolate bar, let's say 6 of them... wait, double check that, just do 4."
cmd_0071,add,avocado,10,Add 10 avocado.,add 10 avocado pls,"Alright, so I also want to add 10 avocado.","Put 8 avocado in there... actually no, add 10 instead."
cmd_0072,add,black pepper,2,Add 2 black pepper.,add 2 black pepper,"Alright, so I also want to add 2 black pepper.","Put 4 black pepper in there... actually no, add 2 instead."
cmd_0073,remove,chicken breast,3,Remove 3 chicken breast.,remove 3 chicken breast rn,"Oh, I almost forgot, please remove 3 chicken breast.","I need 5 chicken breast, hold on, change that to 3."
cmd_0074,update,socks,1,Update socks to 1.,update socks to 1 rn,"Umm, could you go ahead and update 1 socks?","I need 3 socks, hold on, change that to 1."
cmd_0075,remove,chicken breast,9,Remove 9 chicken breast.,remove 9 chicken breast pls,"Alright, so I also want to remove 9 chicken breast.","Remove chicken breast, let's say 8 of them... wait, double check that, just do 9."
cmd_0076,add,paper towels,8,Add 8 paper towels.,add 8 paper towels,"Alright, so I also want to add 8 paper towels.","Put 6 paper towels in there... actually no, add 8 instead."
cmd_0077,update,salmon fillet,6,Update salmon fillet to 6.,update salmon fillet to 6,"I was thinking, maybe update 6 salmon fillet to the list.","Update 5 salmon fillet... wait, actually make it 6."
cmd_0078,remove,running shoes,6,Remove 6 running shoes.,remove 6 runnng shoes,"Oh, I almost forgot, please remove 6 running shoes.","Remove 8 running shoes... wait, actually make it 6."
cmd_0079,update,Greek yogurt,4,Update Greek yogurt to 4.,update greek yogurt to 4 pls,"I was thinking, maybe update 4 Greek yogurt to the list.","Update Greek yogurt, let's say 2 of them... wait, double check that, just do 4."
cmd_0080,add,body wash,5,Add 5 body wash.,add 5 body wash rn,"Umm, could you go ahead and add 5 body wash?","Put 7 body wash in there... actually no, add 5 instead."
cmd_0081,add,usb-c cable,2,Add 2 usb-c cable.,add 2 usb-c cable rn,"I was thinking, maybe add 2 usb-c cable to the list.","Add usb-c cable, let's say 3 of them... wait, double check that, just do 2."
cmd_0082,remove,toothpaste,1,Remove 1 toothpaste.,remove 1 toothpaste rn,"So, uh, for the toothpaste, let's remove 1.","I need 4 toothpaste, hold on, change that to 1."
cmd_0083,update,sugar,5,Update sugar to 5.,update sugar to 5 pls,"Alright, so I also want to update 5 sugar.","I need 8 sugar, hold on, change that to 5."
cmd_0084,update,jeans,5,Update jeans to 5.,updte jns to 5,"So, uh, for the jeans, let's update 5.","I need 4 jeans, hold on, change that to 5."
cmd_0085,add,shampoo,4,Add 4 shampoo.,add 4 shampoo,"I was thinking, maybe add 4 shampoo to the list.","Add 2 shampoo... wait, actually make it 4."
cmd_0086,remove,salt,1,Remove 1 salt.,remove 1 salt rn,"Hey, I changed my mind, can you remove 1 salt?","I need 4 salt, hold on, change that to 1."
cmd_0087,update,olive oil,5,Update olive oil to 5.,update olive oil to 5,"Uhm, let me see... could you please update 5 olive oil?","Update 7 olive oil... wait, actually make it 5."
cmd_0088,add,fish flakes,4,Add 4 fish flakes.,add 4 fish flakes,"Oh, I almost forgot, please add 4 fish flakes.","Add 6 fish flakes... wait, actually make it 4."
cmd_0089,remove,garlic,2,Remove 2 garlic.,remove 2 garlic,"So, uh, for the garlic, let's remove 2.","Put 4 garlic in there... actually no, remove 2 instead."
cmd_0090,remove,avocado,10,Remove 10 avocado.,remove 10 avocado pls,"Uhm, let me see... could you please remove 10 avocado?","I need 12 avocado, hold on, change that to 10."
cmd_0091,update,green tea,2,Update green tea to 2.,updte green tea to 2,"I was thinking, maybe update 2 green tea to the list.","Update green tea, let's say 5 of them... wait, double check that, just do 2."
cmd_0092,update,bird seed,3,Update bird seed to 3.,update bird seed to 3 pls,"I was thinking, maybe update 3 bird seed to the list.","Put 4 bird seed in there... actually no, update 3 instead."
cmd_0093,remove,salt,4,Remove 4 salt.,remove 4 salt,"So, uh, for the salt, let's remove 4.","Remove salt, let's say 2 of them... wait, double check that, just do 4."
cmd_0094,remove,wireless mouse,2,Remove 2 wireless mouse.,remove 2 wirlss mos pls,"Oh, I almost forgot, please remove 2 wireless mouse.","Put 5 wireless mouse in there... actually no, remove 2 instead."
cmd_0095,update,headphones,4,Update headphones to 4.,update hadphnes to 4 pls,"I was thinking, maybe update 4 headphones to the list.","Put 2 headphones in there... actually no, update 4 instead."
cmd_0096,add,dish soap,4,Add 4 dish soap.,add 4 dish soap pls,"Alright, so I also want to add 4 dish soap.","Add 5 dish soap... wait, actually make it 4."
cmd_0097,remove,olive oil,4,Remove 4 olive oil.,remove 4 olive oil,"Uhm, let me see... could you please remove 4 olive oil?","Remove olive oil, let's say 2 of them... wait, double check that, just do 4."
cmd_0098,remove,sugar,2,Remove 2 sugar.,remove 2 sugr pls,"So, uh, for the sugar, let's remove 2.","I need 5 sugar, hold on, change that to 2."
cmd_0099,remove,tofu,9,Remove 9 tofu.,remove 9 tofu rn,"I was thinking, maybe remove 9 tofu to the list.","Put 12 tofu in there... actually no, remove 9 instead."
cmd_0100,remove,salt,4,Remove 4 salt.,remove 4 salt,"So, uh, for the salt, let's remove 4.","I need 5 salt, hold on, change that to 4."
cmd_0101,add,toothbrush,8,Add 8 toothbrush.,add 8 tothbrsh,"Umm, could you go ahead and add 8 toothbrush?","I need 11 toothbrush, hold on, change that to 8."
cmd_0102,update,orange juice,7,Update orange juice to 7.,update orange juice to 7,"So, uh, for the orange juice, let's update 7.","Put 5 orange juice in there... actually no, update 7 instead."
cmd_0103,add,toothpaste,8,Add 8 toothpaste.,add 8 toothpaste,"Umm, could you go ahead and add 8 toothpaste?","Add toothpaste, let's say 7 of them... wait, double check that, just do 8."
cmd_0104,update,pet treats,10,Update pet treats to 10.,update pet trts to 10,"So, uh, for the pet treats, let's update 10.","Update 11 pet treats... wait, actually make it 10."
cmd_0105,add,cheddar cheese,10,Add 10 cheddar cheese.,add 10 cheddar cheese pls,"Umm, could you go ahead and add 10 cheddar cheese?","Add cheddar cheese, let's say 9 of them... wait, double check that, just do 10."
cmd_0106,remove,black pepper,6,Remove 6 black pepper.,remov 6 black ppper pls,"Alright, so I also want to remove 6 black pepper.","Remove black pepper, let's say 8 of them... wait, double check that, just do 6."
cmd_0107,update,salt,7,Update salt to 7.,update salt to 7 pls,"I was thinking, maybe update 7 salt to the list.","Update salt, let's say 10 of them... wait, double check that, just do 7."
cmd_0108,update,toothpaste,5,Update toothpaste to 5.,updat toothpaste to 5 rn,"Alright, so I also want to update 5 toothpaste.","Put 8 toothpaste in there... actually no, update 5 instead."
cmd_0109,update,chicken breast,6,Update chicken breast to 6.,updte chckn breast to 6 rn,"Uhm, let me see... could you please update 6 chicken breast?","Put 7 chicken breast in there... actually no, update 6 instead."
cmd_0110,update,black pepper,6,Update black pepper to 6.,updte black pepper to 6,"Hey, I changed my mind, can you update 6 black pepper?","Update 4 black pepper... wait, actually make it 6."
cmd_0111,update,olive oil,4,Update olive oil to 4.,update olive oil to 4 pls,"Hey, I changed my mind, can you update 4 olive oil?","Put 5 olive oil in there... actually no, update 4 instead."
cmd_0112,add,tofu,3,Add 3 tofu.,add 3 tfu,"Alright, so I also want to add 3 tofu.","I need 6 tofu, hold on, change that to 3."
cmd_0113,update,paper towels,3,Update paper towels to 3.,update paper towels to 3 rn,"Alright, so I also want to update 3 paper towels.","Update 5 paper towels... wait, actually make it 3."
cmd_0114,add,sponge,5,Add 5 sponge.,add 5 sponge,"Alright, so I also want to add 5 sponge.","Add 8 sponge... wait, actually make it 5."
cmd_0115,remove,ground beef,4,Remove 4 ground beef.,remove 4 ground beef,"Umm, could you go ahead and remove 4 ground beef?","Remove 3 ground beef... wait, actually make it 4."
cmd_0116,add,dog food,8,Add 8 dog food.,add 8 dog food,"Oh, I almost forgot, please add 8 dog food.","Add 9 dog food... wait, actually make it 8."
cmd_0117,update,conditioner,6,Update conditioner to 6.,updat conditioner to 6,"So, uh, for the conditioner, let's update 6.","Put 4 conditioner in there... actually no, update 6 instead."
cmd_0118,remove,winter jacket,7,Remove 7 winter jacket.,rmov 7 winter jckt,"Uhm, let me see... could you please remove 7 winter jacket?","I need 9 winter jacket, hold on, change that to 7."
cmd_0119,add,sponge,5,Add 5 sponge.,add 5 sponge rn,"Hey, I changed my mind, can you add 5 sponge?","Add 4 sponge... wait, actually make it 5."
cmd_0120,remove,bananas,9,Remove 9 bananas.,remove 9 bananas pls,"So, uh, for the bananas, let's remove 9.","Put 12 bananas in there... actually no, remove 9 instead."
cmd_0121,update,trash bags,3,Update trash bags to 3.,updt trash bags to 3 pls,"Alright, so I also want to update 3 trash bags.","I need 6 trash bags, hold on, change that to 3."
cmd_0122,update,salt,4,Update salt to 4.,update salt to 4,"Umm, could you go ahead and update 4 salt?","Update salt, let's say 6 of them... wait, double check that, just do 4."
cmd_0123,remove,pet treats,7,Remove 7 pet treats.,remove 7 pet trts pls,"Alright, so I also want to remove 7 pet treats.","Remove 8 pet treats... wait, actually make it 7."
cmd_0124,update,balsamic vinegar,2,Update balsamic vinegar to 2.,update balsamic vinegar to 2,"Hey, I changed my mind, can you update 2 balsamic vinegar?","I need 4 balsamic vinegar, hold on, change that to 2."
cmd_0125,add,green tea,1,Add 1 green tea.,add 1 green tea pls,"I was thinking, maybe add 1 green tea to the list.","Put 2 green tea in there... actually no, add 1 instead."
cmd_0126,add,gluten-free bread,5,Add 5 gluten-free bread.,add 5 gluten-free bread,"Uhm, let me see... could you please add 5 gluten-free bread?","I need 3 gluten-free bread, hold on, change that to 5."
cmd_0127,add,cheddar cheese,9,Add 9 cheddar cheese.,add 9 cheddar cheese pls,"Uhm, let me see... could you please add 9 cheddar cheese?","Put 7 cheddar cheese in there... actually no, add 9 instead."
cmd_0128,remove,shampoo,10,Remove 10 shampoo.,remove 10 shampoo rn,"Umm, could you go ahead and remove 10 shampoo?","Put 13 shampoo in there... actually no, remove 10 instead."
cmd_0129,update,cheddar cheese,5,Update cheddar cheese to 5.,update cheddar cheese to 5 pls,"So, uh, for the cheddar cheese, let's update 5.","Update 3 cheddar cheese... wait, actually make it 5."
cmd_0130,remove,pasta,1,Remove 1 pasta.,remove 1 pasta pls,"Oh, I almost forgot, please remove 1 pasta.","I need 3 pasta, hold on, change that to 1."
cmd_0131,add,cat litter,2,Add 2 cat litter.,add 2 cat lttr pls,"Oh, I almost forgot, please add 2 cat litter.","Add cat litter, let's say 4 of them... wait, double check that, just do 2."
cmd_0132,update,usb-c cable,3,Update usb-c cable to 3.,updte usb-c cable to 3,"So, uh, for the usb-c cable, let's update 3.","Put 1 usb-c cable in there... actually no, update 3 instead."
cmd_0133,remove,dish soap,1,Remove 1 dish soap.,remove 1 dish soap,"Alright, so I also want to remove 1 dish soap.","Put 2 dish soap in there... actually no, remove 1 instead."
cmd_0134,remove,body wash,8,Remove 8 body wash.,remove 8 body wash,"Hey, I changed my mind, can you remove 8 body wash?","I need 11 body wash, hold on, change that to 8."
cmd_0135,remove,bananas,2,Remove 2 bananas.,remove 2 bananas rn,"Alright, so I also want to remove 2 bananas.","Remove bananas, let's say 3 of them... wait, double check that, just do 2."
cmd_0136,add,cat litter,6,Add 6 cat litter.,add 6 cat litter pls,"I was thinking, maybe add 6 cat litter to the list.","I need 8 cat litter, hold on, change that to 6."
cmd_0137,update,bird seed,3,Update bird seed to 3.,update brd seed to 3,"Alright, so I also want to update 3 bird seed.","Update 6 bird seed... wait, actually make it 3."
cmd_0138,update,cheddar cheese,8,Update cheddar cheese to 8.,update cheddar cheese to 8,"Hey, I changed my mind, can you update 8 cheddar cheese?","Update 6 cheddar cheese... wait, actually make it 8."
cmd_0139,update,usb-c cable,8,Update usb-c cable to 8.,update usb-c cbl to 8,"Hey, I changed my mind, can you update 8 usb-c cable?","Put 6 usb-c cable in there... actually no, update 8 instead."
cmd_0140,add,salt,3,Add 3 salt.,add 3 slt,"So, uh, for the salt, let's add 3.","I need 1 salt, hold on, change that to 3."
cmd_0141,remove,AA batteries,3,Remove 3 AA batteries.,remove 3 aa batteries pls,"Oh, I almost forgot, please remove 3 AA batteries.","Remove 5 AA batteries... wait, actually make it 3."
cmd_0142,remove,chicken breast,10,Remove 10 chicken breast.,remove 10 chicken breast pls,"So, uh, for the chicken breast, let's remove 10.","Remove chicken breast, let's say 12 of them... wait, double check that, just do 10."
cmd_0143,update,green tea,7,Update green tea to 7.,update grn tea to 7,"I was thinking, maybe update 7 green tea to the list.","Put 10 green tea in there... actually no, update 7 instead."
cmd_0144,add,sugar,9,Add 9 sugar.,add 9 sugar,"So, uh, for the sugar, let's add 9.","I need 12 sugar, hold on, change that to 9."
cmd_0145,add,running shoes,4,Add 4 running shoes.,add 4 runnng shoes pls,"Umm, could you go ahead and add 4 running shoes?","Put 3 running shoes in there... actually no, add 4 instead."
cmd_0146,update,frozen pizza,10,Update frozen pizza to 10.,update frozen pzza to 10 pls,"Hey, I changed my mind, can you update 10 frozen pizza?","Update frozen pizza, let's say 13 of them... wait, double check that, just do 10."
cmd_0147,update,shampoo,1,Update shampoo to 1.,update shampoo to 1,"I was thinking, maybe update 1 shampoo to the list.","I need 3 shampoo, hold on, change that to 1."
cmd_0148,remove,Greek yogurt,1,Remove 1 Greek yogurt.,remove 1 greek yogurt,"Alright, so I also want to remove 1 Greek yogurt.","I need 3 Greek yogurt, hold on, change that to 1."
cmd_0149,update,chicken breast,2,Update chicken breast to 2.,update chicken breast to 2 pls,"Alright, so I also want to update 2 chicken breast.","Update chicken breast, let's say 5 of them... wait, double check that, just do 2."
cmd_0150,add,AA batteries,6,Add 6 AA batteries.,add 6 aa btteres pls,"Alright, so I also want to add 6 AA batteries.","Add AA batteries, let's say 9 of them... wait, double check that, just do 6."
cmd_0151,add,headphones,10,Add 10 headphones.,add 10 headphones,"Alright, so I also want to add 10 headphones.","Add 11 headphones... wait, actually make it 10."
cmd_0152,add,sugar,3,Add 3 sugar.,add 3 sugar,"Umm, could you go ahead and add 3 sugar?","Put 6 sugar in there... actually no, add 3 instead."
cmd_0153,remove,chicken breast,5,Remove 5 chicken breast.,rmve 5 chicken brast,"So, uh, for the chicken breast, let's remove 5.","Put 4 chicken breast in there... actually no, remove 5 instead."
cmd_0154,update,olive oil,7,Update olive oil to 7.,update olive oil to 7,"Hey, I changed my mind, can you update 7 olive oil?","I need 9 olive oil, hold on, change that to 7."
cmd_0155,update,laundry detergent,9,Update laundry detergent to 9.,update laundry detergent to 9,"Alright, so I also want to update 9 laundry detergent.","I need 12 laundry detergent, hold on, change that to 9."
cmd_0156,update,body wash,1,Update body wash to 1.,update body wash to 1 pls,"Uhm, let me see... could you please update 1 body wash?","Update body wash, let's say 4 of them... wait, double check that, just do 1."
cmd_0157,add,balsamic vinegar,10,Add 10 balsamic vinegar.,add 10 balsamic vinegar,"Hey, I changed my mind, can you add 10 balsamic vinegar?","Add balsamic vinegar, let's say 8 of them... wait, double check that, just do 10."
cmd_0158,remove,green tea,3,Remove 3 green tea.,remove 3 green tea,"I was thinking, maybe remove 3 green tea to the list.","Put 1 green tea in there... actually no, remove 3 instead."
cmd_0159,update,headphones,9,Update headphones to 9.,update headphones to 9 pls,"Umm, could you go ahead and update 9 headphones?","I need 10 headphones, hold on, change that to 9."
cmd_0160,update,pet treats,5,Update pet treats to 5.,update pet treats to 5 rn,"So, uh, for the pet treats, let's update 5.","Update pet treats, let's say 4 of them... wait, double check that, just do 5."
cmd_0161,remove,pasta,6,Remove 6 pasta.,remove 6 pasta pls,"Umm, could you go ahead and remove 6 pasta?","Remove pasta, let's say 9 of them... wait, double check that, just do 6."
cmd_0162,remove,dish soap,3,Remove 3 dish soap.,remove 3 dish soap rn,"Alright, so I also want to remove 3 dish soap.","Put 2 dish soap in there... actually no, remove 3 instead."
cmd_0163,update,socks,9,Update socks to 9.,update scks to 9,"I was thinking, maybe update 9 socks to the list.","Update 8 socks... wait, actually make it 9."
cmd_0164,add,green tea,6,Add 6 green tea.,add 6 green t,"Alright, so I also want to add 6 green tea.","Put 8 green tea in there... actually no, add 6 instead."
cmd_0165,remove,paper towels,5,Remove 5 paper towels.,remove 5 ppr towels,"Hey, I changed my mind, can you remove 5 paper towels?","Put 7 paper towels in there... actually no, remove 5 instead."
cmd_0166,add,coffee beans,8,Add 8 coffee beans.,add 8 coffee beans pls,"So, uh, for the coffee beans, let's add 8.","Add 11 coffee beans... wait, actually make it 8."
cmd_0167,remove,jeans,8,Remove 8 jeans.,remove 8 jeans,"Alright, so I also want to remove 8 jeans.","Put 9 jeans in there... actually no, remove 8 instead."
cmd_0168,add,laundry detergent,3,Add 3 laundry detergent.,add 3 laundry detergnt pls,"Umm, could you go ahead and add 3 laundry detergent?","Add laundry detergent, let's say 5 of them... wait, double check that, just do 3."
cmd_0169,update,paper towels,2,Update paper towels to 2.,update pper towels to 2 rn,"So, uh, for the paper towels, let's update 2.","Update 3 paper towels... wait, actually make it 2."
cmd_0170,remove,conditioner,6,Remove 6 conditioner.,remove 6 conditnr rn,"So, uh, for the conditioner, let's remove 6.","Put 7 conditioner in there... actually no, remove 6 instead."
cmd_0171,add,eggs,8,Add 8 eggs.,add 8 eggs,"Alright, so I also want to add 8 eggs.","Put 11 eggs in there... actually no, add 8 instead."
cmd_0172,add,toothbrush,10,Add 10 toothbrush.,add 10 toothbrush rn,"Umm, could you go ahead and add 10 toothbrush?","Add 8 toothbrush... wait, actually make it 10."
cmd_0173,update,olive oil,4,Update olive oil to 4.,update olve oil to 4,"Alright, so I also want to update 4 olive oil.","Update olive oil, let's say 3 of them... wait, double check that, just do 4."
cmd_0174,remove,ground beef,1,Remove 1 ground beef.,remove 1 ground beef pls,"Uhm, let me see... could you please remove 1 ground beef?","Remove ground beef, let's say 3 of them... wait, double check that, just do 1."
cmd_0175,remove,body wash,2,Remove 2 body wash.,remove 2 body wash rn,"Hey, I changed my mind, can you remove 2 body wash?","Remove body wash, let's say 1 of them... wait, double check that, just do 2."
cmd_0176,remove,trash bags,8,Remove 8 trash bags.,remove 8 trash bags,"I was thinking, maybe remove 8 trash bags to the list.","Remove 9 trash bags... wait, actually make it 8."
cmd_0177,add,garlic,7,Add 7 garlic.,add 7 garlic pls,"Uhm, let me see... could you please add 7 garlic?","Add garlic, let's say 8 of them... wait, double check that, just do 7."
cmd_0178,update,cat litter,9,Update cat litter to 9.,update cat litter to 9 pls,"I was thinking, maybe update 9 cat litter to the list.","Update 7 cat litter... wait, actually make it 9."
cmd_0179,update,green tea,10,Update green tea to 10.,update green tea to 10 pls,"Umm, could you go ahead and update 10 green tea?","Put 8 green tea in there... actually no, update 10 instead."
cmd_0180,update,gluten-free bread,7,Update gluten-free bread to 7.,update gluten-free bread to 7 rn,"I was thinking, maybe update 7 gluten-free bread to the list.","I need 10 gluten-free bread, hold on, change that to 7."
cmd_0181,update,tofu,6,Update tofu to 6.,update tofu to 6 rn,"Umm, could you go ahead and update 6 tofu?","Put 9 tofu in there... actually no, update 6 instead."
cmd_0182,update,toothbrush,7,Update toothbrush to 7.,update tothbrush to 7 rn,"Hey, I changed my mind, can you update 7 toothbrush?","Update toothbrush, let's say 10 of them... wait, double check that, just do 7."
cmd_0183,add,laptop sleeve,5,Add 5 laptop sleeve.,add 5 laptop sleev rn,"So, uh, for the laptop sleeve, let's add 5.","Add laptop sleeve, let's say 3 of them... wait, double check that, just do 5."
cmd_0184,remove,apples,9,Remove 9 apples.,remove 9 apples,"Oh, I almost forgot, please remove 9 apples.","Put 7 apples in there... actually no, remove 9 instead."
cmd_0185,update,cat litter,9,Update cat litter to 9.,update cat litter to 9 pls,"Hey, I changed my mind, can you update 9 cat litter?","Update cat litter, let's say 7 of them... wait, double check that, just do 9."
cmd_0186,add,body wash,10,Add 10 body wash.,add 10 body wash pls,"Alright, so I also want to add 10 body wash.","I need 13 body wash, hold on, change that to 10."
cmd_0187,remove,running shoes,6,Remove 6 running shoes.,remove 6 rnning shoes,"Alright, so I also want to remove 6 running shoes.","Put 4 running shoes in there... actually no, remove 6 instead."
cmd_0188,update,cheddar cheese,1,Update cheddar cheese to 1.,update cheddar cheese to 1,"Oh, I almost forgot, please update 1 cheddar cheese.","Update cheddar cheese, let's say 3 of them... wait, double check that, just do 1."
cmd_0189,update,conditioner,6,Update conditioner to 6.,update conditioner to 6 rn,"Oh, I almost forgot, please update 6 conditioner.","Put 7 conditioner in there... actually no, update 6 instead."
cmd_0190,add,cat litter,9,Add 9 cat litter.,add 9 cat litter pls,"Uhm, let me see... could you please add 9 cat litter?","Add 7 cat litter... wait, actually make it 9."
cmd_0191,add,green tea,3,Add 3 green tea.,add 3 green ta,"Umm, could you go ahead and add 3 green tea?","Add green tea, let's say 5 of them... wait, double check that, just do 3."
cmd_0192,add,whole milk,9,Add 9 whole milk.,add 9 whole milk rn,"Oh, I almost forgot, please add 9 whole milk.","Put 11 whole milk in there... actually no, add 9 instead."
cmd_0193,add,bananas,9,Add 9 bananas.,add 9 bananas rn,"Alright, so I also want to add 9 bananas.","I need 7 bananas, hold on, change that to 9."
cmd_0194,remove,black pepper,10,Remove 10 black pepper.,remove 10 black pepper pls,"Oh, I almost forgot, please remove 10 black pepper.","Remove 8 black pepper... wait, actually make it 10."
cmd_0195,remove,trash bags,7,Remove 7 trash bags.,remove 7 trash bags,"Umm, could you go ahead and remove 7 trash bags?","Remove 5 trash bags... wait, actually make it 7."
cmd_0196,add,headphones,10,Add 10 headphones.,add 10 hdphnes,"Hey, I changed my mind, can you add 10 headphones?","Put 13 headphones in there... actually no, add 10 instead."
cmd_0197,update,coffee beans,2,Update coffee beans to 2.,update coffee beans to 2,"I was thinking, maybe update 2 coffee beans to the list.","Update 1 coffee beans... wait, actually make it 2."
cmd_0198,update,bird seed,6,Update bird seed to 6.,updat bird seed to 6 rn,"So, uh, for the bird seed, let's update 6.","Update bird seed, let's say 8 of them... wait, double check that, just do 6."
cmd_0199,add,dish soap,9,Add 9 dish soap.,add 9 dish soap pls,"Umm, could you go ahead and add 9 dish soap?","Put 10 dish soap in there... actually no, add 9 instead."
cmd_0200,update,Greek yogurt,2,Update Greek yogurt to 2.,update greek yogurt to 2 rn,"So, uh, for the Greek yogurt, let's update 2.","I need 4 Greek yogurt, hold on, change that to 2."
cmd_0201,remove,bananas,3,Remove 3 bananas.,remv 3 bnns rn,"Alright, so I also want to remove 3 bananas.","Remove 5 bananas... wait, actually make it 3."
cmd_0202,update,chicken breast,4,Update chicken breast to 4.,update chicken breast to 4,"Alright, so I also want to update 4 chicken breast.","I need 2 chicken breast, hold on, change that to 4."
cmd_0203,remove,t-shirt,8,Remove 8 t-shirt.,remove 8 t-shirt,"Umm, could you go ahead and remove 8 t-shirt?","I need 10 t-shirt, hold on, change that to 8."
cmd_0204,remove,laundry detergent,7,Remove 7 laundry detergent.,remove 7 laundry detrgent,"So, uh, for the laundry detergent, let's remove 7.","Remove laundry detergent, let's say 8 of them... wait, double check that, just do 7."
cmd_0205,update,t-shirt,6,Update t-shirt to 6.,update t-shirt to 6,"Umm, could you go ahead and update 6 t-shirt?","Update 5 t-shirt... wait, actually make it 6."
cmd_0206,update,black pepper,4,Update black pepper to 4.,update black pepper to 4,"I was thinking, maybe update 4 black pepper to the list.","Put 5 black pepper in there... actually no, update 4 instead."
cmd_0207,remove,toothpaste,3,Remove 3 toothpaste.,remove 3 tothpast,"Umm, could you go ahead and remove 3 toothpaste?","I need 1 toothpaste, hold on, change that to 3."
cmd_0208,update,garlic,10,Update garlic to 10.,update grlc to 10 pls,"I was thinking, maybe update 10 garlic to the list.","I need 12 garlic, hold on, change that to 10."
cmd_0209,remove,bananas,1,Remove 1 bananas.,remv 1 bananas,"I was thinking, maybe remove 1 bananas to the list.","Put 4 bananas in there... actually no, remove 1 instead."
cmd_0210,remove,avocado,8,Remove 8 avocado.,remve 8 avocado,"I was thinking, maybe remove 8 avocado to the list.","I need 10 avocado, hold on, change that to 8."
cmd_0211,add,winter jacket,1,Add 1 winter jacket.,add 1 winter jacket rn,"I was thinking, maybe add 1 winter jacket to the list.","Put 3 winter jacket in there... actually no, add 1 instead."
cmd_0212,update,AA batteries,6,Update AA batteries to 6.,update aa batteries to 6,"Uhm, let me see... could you please update 6 AA batteries?","Put 9 AA batteries in there... actually no, update 6 instead."
cmd_0213,remove,salmon fillet,7,Remove 7 salmon fillet.,remove 7 salmon fillet rn,"Uhm, let me see... could you please remove 7 salmon fillet?","Put 10 salmon fillet in there... actually no, remove 7 instead."
cmd_0214,remove,paper towels,4,Remove 4 paper towels.,remove 4 paper towels,"Umm, could you go ahead and remove 4 paper towels?","Remove 6 paper towels... wait, actually make it 4."
cmd_0215,remove,dish soap,8,Remove 8 dish soap.,remove 8 dish soap rn,"Hey, I changed my mind, can you remove 8 dish soap?","Remove 9 dish soap... wait, actually make it 8."
cmd_0216,add,winter jacket,2,Add 2 winter jacket.,add 2 winter jacket pls,"Alright, so I also want to add 2 winter jacket.","Put 4 winter jacket in there... actually no, add 2 instead."
cmd_0217,remove,shampoo,9,Remove 9 shampoo.,remove 9 shampoo,"Hey, I changed my mind, can you remove 9 shampoo?","I need 8 shampoo, hold on, change that to 9."
cmd_0218,remove,frozen pizza,1,Remove 1 frozen pizza.,remove 1 frozen pizz,"Alright, so I also want to remove 1 frozen pizza.","Remove frozen pizza, let's say 3 of them... wait, double check that, just do 1."
cmd_0219,remove,AA batteries,2,Remove 2 AA batteries.,remove 2 aa batters,"Umm, could you go ahead and remove 2 AA batteries?","Remove 4 AA batteries... wait, actually make it 2."
cmd_0220,remove,pet treats,9,Remove 9 pet treats.,remove 9 pet trts rn,"Oh, I almost forgot, please remove 9 pet treats.","I need 8 pet treats, hold on, change that to 9."
cmd_0221,add,salt,5,Add 5 salt.,add 5 salt,"Hey, I changed my mind, can you add 5 salt?","I need 4 salt, hold on, change that to 5."
cmd_0222,update,frozen pizza,7,Update frozen pizza to 7.,update frozen pizza to 7 rn,"So, uh, for the frozen pizza, let's update 7.","Update 10 frozen pizza... wait, actually make it 7."
cmd_0223,add,fish flakes,7,Add 7 fish flakes.,add 7 fish flkes,"Oh, I almost forgot, please add 7 fish flakes.","Add fish flakes, let's say 9 of them... wait, double check that, just do 7."
cmd_0224,add,ground beef,5,Add 5 ground beef.,add 5 grnd beef,"So, uh, for the ground beef, let's add 5.","Add ground beef, let's say 7 of them... wait, double check that, just do 5."
cmd_0225,remove,salmon fillet,1,Remove 1 salmon fillet.,remove 1 slmn fillet,"Alright, so I also want to remove 1 salmon fillet.","Remove salmon fillet, let's say 3 of them... wait, double check that, just do 1."
cmd_0226,add,tomato sauce,5,Add 5 tomato sauce.,add 5 tomato sc rn,"I was thinking, maybe add 5 tomato sauce to the list.","Add 7 tomato sauce... wait, actually make it 5."
cmd_0227,add,AA batteries,8,Add 8 AA batteries.,add 8 aa batteries,"So, uh, for the AA batteries, let's add 8.","I need 7 AA batteries, hold on, change that to 8."
cmd_0228,add,conditioner,6,Add 6 conditioner.,add 6 conditioner pls,"Alright, so I also want to add 6 conditioner.","Put 7 conditioner in there... actually no, add 6 instead."
cmd_0229,remove,conditioner,2,Remove 2 conditioner.,remove 2 conditioner pls,"Hey, I changed my mind, can you remove 2 conditioner?","Remove conditioner, let's say 5 of them... wait, double check that, just do 2."
cmd_0230,add,whole milk,6,Add 6 whole milk.,add 6 whole milk,"Uhm, let me see... could you please add 6 whole milk?","I need 4 whole milk, hold on, change that to 6."
cmd_0231,remove,winter jacket,3,Remove 3 winter jacket.,remove 3 winter jacket rn,"Umm, could you go ahead and remove 3 winter jacket?","Put 1 winter jacket in there... actually no, remove 3 instead."
cmd_0232,remove,dish soap,4,Remove 4 dish soap.,remove 4 dish soap rn,"Uhm, let me see... could you please remove 4 dish soap?","Remove 3 dish soap... wait, actually make it 4."
cmd_0233,update,cat litter,7,Update cat litter to 7.,update cat litter to 7 pls,"Umm, could you go ahead and update 7 cat litter?","I need 10 cat litter, hold on, change that to 7."
cmd_0234,update,avocado,5,Update avocado to 5.,update avocado to 5,"Oh, I almost forgot, please update 5 avocado.","Update avocado, let's say 4 of them... wait, double check that, just do 5."
cmd_0235,remove,orange juice,4,Remove 4 orange juice.,remove 4 orange juice,"Hey, I changed my mind, can you remove 4 orange juice?","Remove orange juice, let's say 6 of them... wait, double check that, just do 4."
cmd_0236,remove,garlic,3,Remove 3 garlic.,remove 3 garlic pls,"Uhm, let me see... could you please remove 3 garlic?","I need 1 garlic, hold on, change that to 3."
cmd_0237,add,gluten-free bread,1,Add 1 gluten-free bread.,add 1 gluten-free bread,"Alright, so I also want to add 1 gluten-free bread.","Put 3 gluten-free bread in there... actually no, add 1 instead."
cmd_0238,remove,apples,5,Remove 5 apples.,rmve 5 apples,"I was thinking, maybe remove 5 apples to the list.","I need 3 apples, hold on, change that to 5."
cmd_0239,update,sugar,4,Update sugar to 4.,update sugar to 4,"Uhm, let me see... could you please update 4 sugar?","Put 2 sugar in there... actually no, update 4 instead."
cmd_0240,update,whole milk,3,Update whole milk to 3.,update whole milk to 3,"Oh, I almost forgot, please update 3 whole milk.","Update 4 whole milk... wait, actually make it 3."
cmd_0241,add,laundry detergent,7,Add 7 laundry detergent.,add 7 laundry detergent pls,"Alright, so I also want to add 7 laundry detergent.","I need 10 laundry detergent, hold on, change that to 7."
cmd_0242,add,tomato sauce,10,Add 10 tomato sauce.,add 10 tomato sauce rn,"I was thinking, maybe add 10 tomato sauce to the list.","Add 13 tomato sauce... wait, actually make it 10."
cmd_0243,add,whole milk,4,Add 4 whole milk.,add 4 whole mlk pls,"Oh, I almost forgot, please add 4 whole milk.","Put 6 whole milk in there... actually no, add 4 instead."
cmd_0244,remove,t-shirt,7,Remove 7 t-shirt.,remove 7 t-shirt rn,"I was thinking, maybe remove 7 t-shirt to the list.","Put 5 t-shirt in there... actually no, remove 7 instead."
cmd_0245,add,balsamic vinegar,1,Add 1 balsamic vinegar.,add 1 balsamic vinegar,"Umm, could you go ahead and add 1 balsamic vinegar?","Add 3 balsamic vinegar... wait, actually make it 1."
cmd_0246,remove,wireless mouse,5,Remove 5 wireless mouse.,remove 5 wireless mouse,"Oh, I almost forgot, please remove 5 wireless mouse.","Put 4 wireless mouse in there... actually no, remove 5 instead."
cmd_0247,add,whole milk,7,Add 7 whole milk.,add 7 whole milk pls,"So, uh, for the whole milk, let's add 7.","Add whole milk, let's say 5 of them... wait, double check that, just do 7."
cmd_0248,update,cat litter,5,Update cat litter to 5.,updte cat lttr to 5,"I was thinking, maybe update 5 cat litter to the list.","Update cat litter, let's say 6 of them... wait, double check that, just do 5."
cmd_0249,update,apples,10,Update apples to 10.,updat pples to 10 pls,"So, uh, for the apples, let's update 10.","I need 12 apples, hold on, change that to 10."
cmd_0250,remove,salt,5,Remove 5 salt.,remove 5 slt pls,"Uhm, let me see... could you please remove 5 salt?","Remove salt, let's say 4 of them... wait, double check that, just do 5."
cmd_0251,remove,paper towels,7,Remove 7 paper towels.,remve 7 paper twels,"Hey, I changed my mind, can you remove 7 paper towels?","Put 8 paper towels in there... actually no, remove 7 instead."
cmd_0252,add,dog food,4,Add 4 dog food.,add 4 dog food rn,"Alright, so I also want to add 4 dog food.","Put 6 dog food in there... actually no, add 4 instead."
cmd_0253,add,black pepper,2,Add 2 black pepper.,add 2 blck pepper pls,"Oh, I almost forgot, please add 2 black pepper.","I need 4 black pepper, hold on, change that to 2."
cmd_0254,update,shampoo,2,Update shampoo to 2.,update shampoo to 2 pls,"I was thinking, maybe update 2 shampoo to the list.","Put 4 shampoo in there... actually no, update 2 instead."
cmd_0255,add,laundry detergent,2,Add 2 laundry detergent.,add 2 lndry detergent pls,"I was thinking, maybe add 2 laundry detergent to the list.","Put 4 laundry detergent in there... actually no, add 2 instead."
cmd_0256,remove,headphones,3,Remove 3 headphones.,remove 3 hdphnes,"Uhm, let me see... could you please remove 3 headphones?","Remove headphones, let's say 4 of them... wait, double check that, just do 3."
cmd_0257,add,green tea,4,Add 4 green tea.,add 4 green tea rn,"Alright, so I also want to add 4 green tea.","Add green tea, let's say 5 of them... wait, double check that, just do 4."
cmd_0258,update,tomato sauce,6,Update tomato sauce to 6.,update tomato sauce to 6 pls,"Oh, I almost forgot, please update 6 tomato sauce.","Update 7 tomato sauce... wait, actually make it 6."
cmd_0259,remove,balsamic vinegar,6,Remove 6 balsamic vinegar.,remove 6 balsamic vnegr rn,"Hey, I changed my mind, can you remove 6 balsamic vinegar?","Remove balsamic vinegar, let's say 9 of them... wait, double check that, just do 6."
cmd_0260,remove,usb-c cable,3,Remove 3 usb-c cable.,remove 3 usb-c cable,"So, uh, for the usb-c cable, let's remove 3.","Put 6 usb-c cable in there... actually no, remove 3 instead."
cmd_0261,update,wireless mouse,8,Update wireless mouse to 8.,update wirelss mous to 8 pls,"Oh, I almost forgot, please update 8 wireless mouse.","Update 9 wireless mouse... wait, actually make it 8."
cmd_0262,add,cheddar cheese,10,Add 10 cheddar cheese.,add 10 chddar chs,"Hey, I changed my mind, can you add 10 cheddar cheese?","Add cheddar cheese, let's say 12 of them... wait, double check that, just do 10."
cmd_0263,update,paper towels,3,Update paper towels to 3.,update paper towels to 3,"Alright, so I also want to update 3 paper towels.","I need 4 paper towels, hold on, change that to 3."
cmd_0264,add,usb-c cable,1,Add 1 usb-c cable.,add 1 usb-c cable rn,"Umm, could you go ahead and add 1 usb-c cable?","Put 2 usb-c cable in there... actually no, add 1 instead."
cmd_0265,update,ground beef,2,Update ground beef to 2.,update grund beef to 2 pls,"I was thinking, maybe update 2 ground beef to the list.","Update ground beef, let's say 3 of them... wait, double check that, just do 2."
cmd_0266,add,running shoes,4,Add 4 running shoes.,add 4 running shoes,"Alright, so I also want to add 4 running shoes.","Add running shoes, let's say 6 of them... wait, double check that, just do 4."
cmd_0267,remove,garlic,7,Remove 7 garlic.,remv 7 garlc pls,"So, uh, for the garlic, let's remove 7.","Remove 8 garlic... wait, actually make it 7."
cmd_0268,add,laundry detergent,3,Add 3 laundry detergent.,add 3 lndry detergent,"I was thinking, maybe add 3 laundry detergent to the list.","Add laundry detergent, let's say 1 of them... wait, double check that, just do 3."
cmd_0269,update,AA batteries,10,Update AA batteries to 10.,update aa batters to 10 pls,"Hey, I changed my mind, can you update 10 AA batteries?","Update 8 AA batteries... wait, actually make it 10."
cmd_0270,remove,ground beef,9,Remove 9 ground beef.,remove 9 ground beef pls,"I was thinking, maybe remove 9 ground beef to the list.","Remove ground beef, let's say 12 of them... wait, double check that, just do 9."
cmd_0271,add,bananas,1,Add 1 bananas.,add 1 bananas rn,"Oh, I almost forgot, please add 1 bananas.","Add bananas, let's say 3 of them... wait, double check that, just do 1."
cmd_0272,remove,toothpaste,5,Remove 5 toothpaste.,rmov 5 toothpaste pls,"Alright, so I also want to remove 5 toothpaste.","Put 6 toothpaste in there... actually no, remove 5 instead."
cmd_0273,remove,ground beef,1,Remove 1 ground beef.,rmov 1 ground beef pls,"Uhm, let me see... could you please remove 1 ground beef?","Remove ground beef, let's say 3 of them... wait, double check that, just do 1."
cmd_0274,update,toothbrush,8,Update toothbrush to 8.,update toothbrush to 8 rn,"Umm, could you go ahead and update 8 toothbrush?","Put 11 toothbrush in there... actually no, update 8 instead."
cmd_0275,add,fish flakes,8,Add 8 fish flakes.,add 8 fish flakes pls,"Alright, so I also want to add 8 fish flakes.","Add fish flakes, let's say 6 of them... wait, double check that, just do 8."
cmd_0276,add,shampoo,3,Add 3 shampoo.,add 3 shampoo rn,"Alright, so I also want to add 3 shampoo.","Add shampoo, let's say 6 of them... wait, double check that, just do 3."
cmd_0277,update,paper towels,5,Update paper towels to 5.,update paper twls to 5 pls,"Umm, could you go ahead and update 5 paper towels?","Update 8 paper towels... wait, actually make it 5."
cmd_0278,add,ground beef,2,Add 2 ground beef.,add 2 ground beef pls,"I was thinking, maybe add 2 ground beef to the list.","Add ground beef, let's say 4 of them... wait, double check that, just do 2."
cmd_0279,add,usb-c cable,5,Add 5 usb-c cable.,add 5 usb-c cable,"I was thinking, maybe add 5 usb-c cable to the list.","Add 4 usb-c cable... wait, actually make it 5."
cmd_0280,update,pasta,5,Update pasta to 5.,update psta to 5 rn,"Oh, I almost forgot, please update 5 pasta.","Put 4 pasta in there... actually no, update 5 instead."
cmd_0281,remove,bird seed,8,Remove 8 bird seed.,remove 8 bird seed pls,"Alright, so I also want to remove 8 bird seed.","Remove bird seed, let's say 7 of them... wait, double check that, just do 8."
cmd_0282,update,tomato sauce,9,Update tomato sauce to 9.,update tomato sauce to 9 rn,"Oh, I almost forgot, please update 9 tomato sauce.","Update 12 tomato sauce... wait, actually make it 9."
cmd_0283,add,wireless mouse,4,Add 4 wireless mouse.,add 4 wireless mouse rn,"Oh, I almost forgot, please add 4 wireless mouse.","Add wireless mouse, let's say 6 of them... wait, double check that, just do 4."
cmd_0284,update,orange juice,1,Update orange juice to 1.,update orange juice to 1,"Oh, I almost forgot, please update 1 orange juice.","Update 2 orange juice... wait, actually make it 1."
cmd_0285,remove,avocado,7,Remove 7 avocado.,rmve 7 avocado pls,"I was thinking, maybe remove 7 avocado to the list.","Remove 9 avocado... wait, actually make it 7."
cmd_0286,update,whole milk,8,Update whole milk to 8.,update whole milk to 8,"I was thinking, maybe update 8 whole milk to the list.","Update whole milk, let's say 9 of them... wait, double check that, just do 8."
cmd_0287,remove,dish soap,8,Remove 8 dish soap.,remove 8 dish soap rn,"Umm, could you go ahead and remove 8 dish soap?","I need 9 dish soap, hold on, change that to 8."
cmd_0288,remove,toothbrush,2,Remove 2 toothbrush.,remove 2 toothbrush rn,"I was thinking, maybe remove 2 toothbrush to the list.","Put 3 toothbrush in there... actually no, remove 2 instead."
cmd_0289,add,balsamic vinegar,4,Add 4 balsamic vinegar.,add 4 balsamic vinegar,"I was thinking, maybe add 4 balsamic vinegar to the list.","Add balsamic vinegar, let's say 2 of them... wait, double check that, just do 4."
cmd_0290,remove,running shoes,7,Remove 7 running shoes.,remove 7 running shoes,"I was thinking, maybe remove 7 running shoes to the list.","Remove running shoes, let's say 6 of them... wait, double check that, just do 7."
cmd_0291,update,dish soap,9,Update dish soap to 9.,update dsh soap to 9,"Umm, could you go ahead and update 9 dish soap?","I need 8 dish soap, hold on, change that to 9."
cmd_0292,update,apples,4,Update apples to 4.,update apples to 4 rn,"So, uh, for the apples, let's update 4.","Update 6 apples... wait, actually make it 4."
cmd_0293,remove,dark chocolate bar,10,Remove 10 dark chocolate bar.,remove 10 dark choclte bar pls,"Hey, I changed my mind, can you remove 10 dark chocolate bar?","Remove dark chocolate bar, let's say 11 of them... wait, double check that, just do 10."
cmd_0294,update,black pepper,3,Update black pepper to 3.,update black pepper to 3 pls,"I was thinking, maybe update 3 black pepper to the list.","Update 1 black pepper... wait, actually make it 3."
cmd_0295,remove,socks,4,Remove 4 socks.,remove 4 socks,"Uhm, let me see... could you please remove 4 socks?","Remove socks, let's say 3 of them... wait, double check that, just do 4."
cmd_0296,update,sugar,7,Update sugar to 7.,update sugar to 7,"So, uh, for the sugar, let's update 7.","Put 10 sugar in there... actually no, update 7 instead."
cmd_0297,add,toothbrush,1,Add 1 toothbrush.,add 1 toothbrush rn,"Alright, so I also want to add 1 toothbrush.","I need 4 toothbrush, hold on, change that to 1."
cmd_0298,add,Greek yogurt,1,Add 1 Greek yogurt.,add 1 greek yogurt,"Hey, I changed my mind, can you add 1 Greek yogurt?","Add Greek yogurt, let's say 2 of them... wait, double check that, just do 1."
cmd_0299,remove,fish flakes,4,Remove 4 fish flakes.,rmve 4 fish flakes pls,"Umm, could you go ahead and remove 4 fish flakes?","Remove 3 fish flakes... wait, actually make it 4."
cmd_0300,remove,dog food,1,Remove 1 dog food.,remove 1 dog food rn,"Uhm, let me see... could you please remove 1 dog food?","Remove 3 dog food... wait, actually make it 1."
cmd_0301,update,orange juice,7,Update orange juice to 7.,update ornge juice to 7 pls,"Umm, could you go ahead and update 7 orange juice?","Put 8 orange juice in there... actually no, update 7 instead."
cmd_0302,remove,bananas,9,Remove 9 bananas.,remove 9 bananas pls,"Umm, could you go ahead and remove 9 bananas?","I need 8 bananas, hold on, change that to 9."
cmd_0303,update,green tea,5,Update green tea to 5.,updt green tea to 5 pls,"Uhm, let me see... could you please update 5 green tea?","Update green tea, let's say 8 of them... wait, double check that, just do 5."
cmd_0304,add,apples,9,Add 9 apples.,add 9 apples,"So, uh, for the apples, let's add 9.","Add apples, let's say 10 of them... wait, double check that, just do 9."
cmd_0305,add,bananas,3,Add 3 bananas.,add 3 bananas,"Uhm, let me see... could you please add 3 bananas?","Add 1 bananas... wait, actually make it 3."
cmd_0306,add,eggs,3,Add 3 eggs.,add 3 eggs pls,"I was thinking, maybe add 3 eggs to the list.","I need 1 eggs, hold on, change that to 3."
cmd_0307,remove,usb-c cable,2,Remove 2 usb-c cable.,remove 2 usb-c cable,"I was thinking, maybe remove 2 usb-c cable to the list.","Remove 1 usb-c cable... wait, actually make it 2."
cmd_0308,add,body wash,1,Add 1 body wash.,add 1 bdy wash,"Umm, could you go ahead and add 1 body wash?","I need 3 body wash, hold on, change that to 1."
cmd_0309,update,avocado,3,Update avocado to 3.,update avocado to 3 pls,"I was thinking, maybe update 3 avocado to the list.","Update 4 avocado... wait, actually make it 3."
cmd_0310,update,toothbrush,9,Update toothbrush to 9.,update toothbrush to 9,"Umm, could you go ahead and update 9 toothbrush?","Update 12 toothbrush... wait, actually make it 9."
cmd_0311,remove,toothpaste,4,Remove 4 toothpaste.,remove 4 toothpaste pls,"Oh, I almost forgot, please remove 4 toothpaste.","Remove 7 toothpaste... wait, actually make it 4."
cmd_0312,add,conditioner,3,Add 3 conditioner.,add 3 conditioner pls,"Oh, I almost forgot, please add 3 conditioner.","I need 5 conditioner, hold on, change that to 3."
cmd_0313,add,laundry detergent,5,Add 5 laundry detergent.,add 5 laundry detergent pls,"Alright, so I also want to add 5 laundry detergent.","Add laundry detergent, let's say 7 of them... wait, double check that, just do 5."
cmd_0314,add,tomato sauce,8,Add 8 tomato sauce.,add 8 tomato sauc,"Umm, could you go ahead and add 8 tomato sauce?","Put 9 tomato sauce in there... actually no, add 8 instead."
cmd_0315,update,toothpaste,8,Update toothpaste to 8.,update toothpaste to 8,"Umm, could you go ahead and update 8 toothpaste?","Update toothpaste, let's say 11 of them... wait, double check that, just do 8."
cmd_0316,update,toothpaste,6,Update toothpaste to 6.,update tothpast to 6,"Uhm, let me see... could you please update 6 toothpaste?","Update toothpaste, let's say 5 of them... wait, double check that, just do 6."
cmd_0317,add,dog food,7,Add 7 dog food.,add 7 dog food,"Oh, I almost forgot, please add 7 dog food.","I need 6 dog food, hold on, change that to 7."
cmd_0318,add,fish flakes,7,Add 7 fish flakes.,add 7 fish flkes,"Alright, so I also want to add 7 fish flakes.","Add 5 fish flakes... wait, actually make it 7."
cmd_0319,update,sugar,10,Update sugar to 10.,update sugar to 10,"Hey, I changed my mind, can you update 10 sugar?","Update sugar, let's say 8 of them... wait, double check that, just do 10."
cmd_0320,update,tofu,10,Update tofu to 10.,update tofu to 10,"So, uh, for the tofu, let's update 10.","I need 12 tofu, hold on, change that to 10."
cmd_0321,remove,salt,3,Remove 3 salt.,rmv 3 salt,"Umm, could you go ahead and remove 3 salt?","Put 2 salt in there... actually no, remove 3 instead."
cmd_0322,add,frozen pizza,5,Add 5 frozen pizza.,add 5 frzn pzz,"Umm, could you go ahead and add 5 frozen pizza?","Add frozen pizza, let's say 7 of them... wait, double check that, just do 5."
cmd_0323,update,bird seed,9,Update bird seed to 9.,update bird seed to 9 pls,"I was thinking, maybe update 9 bird seed to the list.","Put 7 bird seed in there... actually no, update 9 instead."
cmd_0324,remove,fish flakes,3,Remove 3 fish flakes.,remove 3 fish flakes pls,"Umm, could you go ahead and remove 3 fish flakes?","I need 1 fish flakes, hold on, change that to 3."
cmd_0325,remove,bananas,10,Remove 10 bananas.,remove 10 bananas,"Hey, I changed my mind, can you remove 10 bananas?","I need 13 bananas, hold on, change that to 10."
cmd_0326,update,toothpaste,1,Update toothpaste to 1.,update toothpaste to 1,"Uhm, let me see... could you please update 1 toothpaste?","Put 2 toothpaste in there... actually no, update 1 instead."
cmd_0327,update,pet treats,8,Update pet treats to 8.,update pet treats to 8,"Oh, I almost forgot, please update 8 pet treats.","I need 7 pet treats, hold on, change that to 8."
cmd_0328,remove,usb-c cable,2,Remove 2 usb-c cable.,remve 2 usb-c cble,"Hey, I changed my mind, can you remove 2 usb-c cable?","Put 4 usb-c cable in there... actually no, remove 2 instead."
cmd_0329,remove,tofu,1,Remove 1 tofu.,remove 1 tofu,"Umm, could you go ahead and remove 1 tofu?","Remove 2 tofu... wait, actually make it 1."
cmd_0330,update,paper towels,9,Update paper towels to 9.,update papr towels to 9 pls,"Hey, I changed my mind, can you update 9 paper towels?","I need 10 paper towels, hold on, change that to 9."
cmd_0331,remove,jeans,4,Remove 4 jeans.,remove 4 jeans,"I was thinking, maybe remove 4 jeans to the list.","Remove 2 jeans... wait, actually make it 4."
cmd_0332,update,dish soap,8,Update dish soap to 8.,update dish soap to 8,"Oh, I almost forgot, please update 8 dish soap.","Update dish soap, let's say 6 of them... wait, double check that, just do 8."
cmd_0333,remove,garlic,5,Remove 5 garlic.,rmv 5 garlic pls,"I was thinking, maybe remove 5 garlic to the list.","I need 4 garlic, hold on, change that to 5."
cmd_0334,update,apples,2,Update apples to 2.,updt appls to 2 rn,"Umm, could you go ahead and update 2 apples?","Update 4 apples... wait, actually make it 2."
cmd_0335,update,toothbrush,3,Update toothbrush to 3.,updte toothbrush to 3,"Alright, so I also want to update 3 toothbrush.","I need 5 toothbrush, hold on, change that to 3."
cmd_0336,add,trash bags,2,Add 2 trash bags.,add 2 trash bags,"Uhm, let me see... could you please add 2 trash bags?","Add 3 trash bags... wait, actually make it 2."
cmd_0337,remove,toothbrush,5,Remove 5 toothbrush.,remove 5 toothbrush,"Uhm, let me see... could you please remove 5 toothbrush?","Put 7 toothbrush in there... actually no, remove 5 instead."
cmd_0338,update,laptop sleeve,3,Update laptop sleeve to 3.,update laptop sleeve to 3 pls,"Oh, I almost forgot, please update 3 laptop sleeve.","Update 4 laptop sleeve... wait, actually make it 3."
cmd_0339,update,chicken breast,3,Update chicken breast to 3.,updat chicken breast to 3,"Alright, so I also want to update 3 chicken breast.","Put 6 chicken breast in there... actually no, update 3 instead."
cmd_0340,add,usb-c cable,4,Add 4 usb-c cable.,add 4 sb-c cable pls,"Oh, I almost forgot, please add 4 usb-c cable.","Add usb-c cable, let's say 7 of them... wait, double check that, just do 4."
cmd_0341,update,chicken breast,2,Update chicken breast to 2.,update chickn breast to 2 rn,"Umm, could you go ahead and update 2 chicken breast?","Put 4 chicken breast in there... actually no, update 2 instead."
cmd_0342,remove,tomato sauce,8,Remove 8 tomato sauce.,remove 8 tomato sc pls,"So, uh, for the tomato sauce, let's remove 8.","Put 7 tomato sauce in there... actually no, remove 8 instead."
cmd_0343,update,bird seed,7,Update bird seed to 7.,update bird seed to 7,"Alright, so I also want to update 7 bird seed.","Update 10 bird seed... wait, actually make it 7."
cmd_0344,add,conditioner,10,Add 10 conditioner.,add 10 conditioner rn,"I was thinking, maybe add 10 conditioner to the list.","Add 8 conditioner... wait, actually make it 10."
cmd_0345,add,olive oil,1,Add 1 olive oil.,add 1 olive oil pls,"So, uh, for the olive oil, let's add 1.","Add olive oil, let's say 4 of them... wait, double check that, just do 1."
cmd_0346,update,pet treats,3,Update pet treats to 3.,update pet treats to 3,"Alright, so I also want to update 3 pet treats.","Update 4 pet treats... wait, actually make it 3."
cmd_0347,update,t-shirt,10,Update t-shirt to 10.,update t-shirt to 10,"Oh, I almost forgot, please update 10 t-shirt.","Update t-shirt, let's say 9 of them... wait, double check that, just do 10."
cmd_0348,remove,gluten-free bread,4,Remove 4 gluten-free bread.,remove 4 gluten-free bread,"Oh, I almost forgot, please remove 4 gluten-free bread.","Remove gluten-free bread, let's say 5 of them... wait, double check that, just do 4."
cmd_0349,remove,black pepper,1,Remove 1 black pepper.,rmov 1 black pepper,"Alright, so I also want to remove 1 black pepper.","I need 3 black pepper, hold on, change that to 1."
cmd_0350,update,conditioner,2,Update conditioner to 2.,update conditioner to 2,"Alright, so I also want to update 2 conditioner.","Update 4 conditioner... wait, actually make it 2."
cmd_0351,update,eggs,8,Update eggs to 8.,updat eggs to 8 rn,"Hey, I changed my mind, can you update 8 eggs?","I need 10 eggs, hold on, change that to 8."
cmd_0352,update,orange juice,8,Update orange juice to 8.,update orange juice to 8 pls,"Hey, I changed my mind, can you update 8 orange juice?","Put 11 orange juice in there... actually no, update 8 instead."
cmd_0353,add,shampoo,9,Add 9 shampoo.,add 9 shampo,"Uhm, let me see... could you please add 9 shampoo?","Add 10 shampoo... wait, actually make it 9."
cmd_0354,add,salt,10,Add 10 salt.,add 10 slt,"Oh, I almost forgot, please add 10 salt.","I need 9 salt, hold on, change that to 10."
cmd_0355,add,cat litter,6,Add 6 cat litter.,add 6 cat litter pls,"Uhm, let me see... could you please add 6 cat litter?","Add cat litter, let's say 5 of them... wait, double check that, just do 6."
cmd_0356,add,tofu,2,Add 2 tofu.,add 2 tofu,"Oh, I almost forgot, please add 2 tofu.","Add 4 tofu... wait, actually make it 2."
cmd_0357,remove,toothpaste,3,Remove 3 toothpaste.,remove 3 tthpaste,"Alright, so I also want to remove 3 toothpaste.","Remove toothpaste, let's say 2 of them... wait, double check that, just do 3."
cmd_0358,remove,dish soap,10,Remove 10 dish soap.,remove 10 dish soap rn,"Oh, I almost forgot, please remove 10 dish soap.","Remove 9 dish soap... wait, actually make it 10."
cmd_0359,remove,tofu,9,Remove 9 tofu.,remove 9 tofu,"Uhm, let me see... could you please remove 9 tofu?","Remove 12 tofu... wait, actually make it 9."
cmd_0360,remove,conditioner,4,Remove 4 conditioner.,remove 4 conditioner pls,"I was thinking, maybe remove 4 conditioner to the list.","I need 7 conditioner, hold on, change that to 4."
cmd_0361,remove,garlic,7,Remove 7 garlic.,remove 7 garlic rn,"Umm, could you go ahead and remove 7 garlic?","Remove garlic, let's say 10 of them... wait, double check that, just do 7."
cmd_0362,add,sponge,9,Add 9 sponge.,add 9 sponge,"I was thinking, maybe add 9 sponge to the list.","Add 8 sponge... wait, actually make it 9."
cmd_0363,update,laptop sleeve,8,Update laptop sleeve to 8.,update laptop slv to 8 pls,"Alright, so I also want to update 8 laptop sleeve.","Update 6 laptop sleeve... wait, actually make it 8."
cmd_0364,add,pasta,10,Add 10 pasta.,add 10 pasta pls,"Uhm, let me see... could you please add 10 pasta?","Add pasta, let's say 12 of them... wait, double check that, just do 10."
cmd_0365,update,conditioner,9,Update conditioner to 9.,update conditioner to 9 pls,"Alright, so I also want to update 9 conditioner.","Update 11 conditioner... wait, actually make it 9."
cmd_0366,add,toothpaste,9,Add 9 toothpaste.,add 9 toothpaste rn,"Hey, I changed my mind, can you add 9 toothpaste?","I need 7 toothpaste, hold on, change that to 9."
cmd_0367,add,conditioner,1,Add 1 conditioner.,add 1 conditioner,"Alright, so I also want to add 1 conditioner.","Put 4 conditioner in there... actually no, add 1 instead."
cmd_0368,update,whole milk,2,Update whole milk to 2.,update whole milk to 2,"Hey, I changed my mind, can you update 2 whole milk?","Put 5 whole milk in there... actually no, update 2 instead."
cmd_0369,remove,coffee beans,10,Remove 10 coffee beans.,remv 10 coffee bans,"So, uh, for the coffee beans, let's remove 10.","Remove coffee beans, let's say 12 of them... wait, double check that, just do 10."
cmd_0370,update,pasta,4,Update pasta to 4.,update pasta to 4 rn,"Uhm, let me see... could you please update 4 pasta?","Update 5 pasta... wait, actually make it 4."
cmd_0371,remove,shampoo,4,Remove 4 shampoo.,remove 4 shampoo,"Uhm, let me see... could you please remove 4 shampoo?","Put 5 shampoo in there... actually no, remove 4 instead."
cmd_0372,remove,apples,7,Remove 7 apples.,remove 7 pples,"So, uh, for the apples, let's remove 7.","Put 6 apples in there... actually no, remove 7 instead."
cmd_0373,remove,bird seed,4,Remove 4 bird seed.,remove 4 bird seed,"So, uh, for the bird seed, let's remove 4.","Remove 3 bird seed... wait, actually make it 4."
cmd_0374,add,apples,8,Add 8 apples.,add 8 apples pls,"Alright, so I also want to add 8 apples.","I need 9 apples, hold on, change that to 8."
cmd_0375,remove,ground beef,5,Remove 5 ground beef.,remove 5 ground beef pls,"Umm, could you go ahead and remove 5 ground beef?","Remove 4 ground beef... wait, actually make it 5."
cmd_0376,update,sugar,8,Update sugar to 8.,update sugr to 8 pls,"Umm, could you go ahead and update 8 sugar?","I need 10 sugar, hold on, change that to 8."
cmd_0377,update,whole milk,1,Update whole milk to 1.,update whole milk to 1 pls,"So, uh, for the whole milk, let's update 1.","I need 3 whole milk, hold on, change that to 1."
cmd_0378,remove,usb-c cable,8,Remove 8 usb-c cable.,remove 8 usb-c cable,"Umm, could you go ahead and remove 8 usb-c cable?","Put 7 usb-c cable in there... actually no, remove 8 instead."
cmd_0379,add,cat litter,5,Add 5 cat litter.,add 5 cat lttr rn,"Alright, so I also want to add 5 cat litter.","Put 7 cat litter in there... actually no, add 5 instead."
cmd_0380,update,balsamic vinegar,9,Update balsamic vinegar to 9.,update balsamic vinegar to 9,"Uhm, let me see... could you please update 9 balsamic vinegar?","I need 8 balsamic vinegar, hold on, change that to 9."
cmd_0381,remove,shampoo,2,Remove 2 shampoo.,remove 2 shampoo,"So, uh, for the shampoo, let's remove 2.","Remove 3 shampoo... wait, actually make it 2."
cmd_0382,remove,orange juice,6,Remove 6 orange juice.,remove 6 rnge juice,"Alright, so I also want to remove 6 orange juice.","Remove 8 orange juice... wait, actually make it 6."
cmd_0383,remove,frozen pizza,5,Remove 5 frozen pizza.,remove 5 frozen pizza,"Umm, could you go ahead and remove 5 frozen pizza?","Remove frozen pizza, let's say 8 of them... wait, double check that, just do 5."
cmd_0384,add,apples,3,Add 3 apples.,add 3 apples,"Alright, so I also want to add 3 apples.","Add apples, let's say 4 of them... wait, double check that, just do 3."
cmd_0385,remove,bird seed,10,Remove 10 bird seed.,remove 10 brd seed,"Hey, I changed my mind, can you remove 10 bird seed?","Remove bird seed, let's say 9 of them... wait, double check that, just do 10."
cmd_0386,add,bananas,2,Add 2 bananas.,add 2 bnns pls,"Umm, could you go ahead and add 2 bananas?","Add 1 bananas... wait, actually make it 2."
cmd_0387,update,trash bags,5,Update trash bags to 5.,update trash bags to 5 pls,"Uhm, let me see... could you please update 5 trash bags?","I need 6 trash bags, hold on, change that to 5."
cmd_0388,remove,black pepper,9,Remove 9 black pepper.,remove 9 blck pepper,"I was thinking, maybe remove 9 black pepper to the list.","Remove black pepper, let's say 12 of them... wait, double check that, just do 9."
cmd_0389,update,shampoo,9,Update shampoo to 9.,update shampoo to 9,"So, uh, for the shampoo, let's update 9.","I need 8 shampoo, hold on, change that to 9."
cmd_0390,add,whole milk,9,Add 9 whole milk.,add 9 whole milk pls,"Alright, so I also want to add 9 whole milk.","I need 11 whole milk, hold on, change that to 9."
cmd_0391,add,pet treats,7,Add 7 pet treats.,add 7 pet treats pls,"Umm, could you go ahead and add 7 pet treats?","Add pet treats, let's say 9 of them... wait, double check that, just do 7."
cmd_0392,add,AA batteries,7,Add 7 AA batteries.,add 7 aa batteries,"Umm, could you go ahead and add 7 AA batteries?","I need 8 AA batteries, hold on, change that to 7."
cmd_0393,update,bird seed,9,Update bird seed to 9.,update bird seed to 9,"So, uh, for the bird seed, let's update 9.","Update bird seed, let's say 12 of them... wait, double check that, just do 9."
cmd_0394,add,paper towels,1,Add 1 paper towels.,add 1 pper towels pls,"Uhm, let me see... could you please add 1 paper towels?","Put 3 paper towels in there... actually no, add 1 instead."
cmd_0395,remove,green tea,5,Remove 5 green tea.,remove 5 green tea pls,"Uhm, let me see... could you please remove 5 green tea?","Remove 4 green tea... wait, actually make it 5."
cmd_0396,remove,pet treats,7,Remove 7 pet treats.,remov 7 pet trats,"I was thinking, maybe remove 7 pet treats to the list.","Put 5 pet treats in there... actually no, remove 7 instead."
cmd_0397,remove,bird seed,2,Remove 2 bird seed.,remove 2 bird seed,"I was thinking, maybe remove 2 bird seed to the list.","Remove 4 bird seed... wait, actually make it 2."
cmd_0398,remove,pasta,5,Remove 5 pasta.,rmve 5 pasta rn,"So, uh, for the pasta, let's remove 5.","Remove 8 pasta... wait, actually make it 5."
cmd_0399,remove,t-shirt,1,Remove 1 t-shirt.,remove 1 t-shirt rn,"Oh, I almost forgot, please remove 1 t-shirt.","Put 3 t-shirt in there... actually no, remove 1 instead."
cmd_0400,add,tomato sauce,2,Add 2 tomato sauce.,add 2 tomato sauce pls,"So, uh, for the tomato sauce, let's add 2.","Add 1 tomato sauce... wait, actually make it 2."
cmd_0401,add,tomato sauce,4,Add 4 tomato sauce.,add 4 tomato sauce,"Uhm, let me see... could you please add 4 tomato sauce?","I need 6 tomato sauce, hold on, change that to 4."
cmd_0402,update,eggs,5,Update eggs to 5.,update eggs to 5 rn,"Hey, I changed my mind, can you update 5 eggs?","I need 8 eggs, hold on, change that to 5."
cmd_0403,remove,cat litter,8,Remove 8 cat litter.,remove 8 cat litter pls,"Hey, I changed my mind, can you remove 8 cat litter?","I need 10 cat litter, hold on, change that to 8."
cmd_0404,remove,garlic,6,Remove 6 garlic.,remove 6 garlic,"Umm, could you go ahead and remove 6 garlic?","Put 7 garlic in there... actually no, remove 6 instead."
cmd_0405,remove,cat litter,2,Remove 2 cat litter.,remove 2 cat litter,"Umm, could you go ahead and remove 2 cat litter?","I need 3 cat litter, hold on, change that to 2."
cmd_0406,remove,conditioner,6,Remove 6 conditioner.,rmov 6 conditioner pls,"Alright, so I also want to remove 6 conditioner.","Remove 5 conditioner... wait, actually make it 6."
cmd_0407,add,ground beef,7,Add 7 ground beef.,add 7 ground beef,"Uhm, let me see... could you please add 7 ground beef?","Put 5 ground beef in there... actually no, add 7 instead."
cmd_0408,update,tomato sauce,2,Update tomato sauce to 2.,update tomato sauce to 2,"Uhm, let me see... could you please update 2 tomato sauce?","I need 5 tomato sauce, hold on, change that to 2."
cmd_0409,update,gluten-free bread,2,Update gluten-free bread to 2.,update glutn-free bread to 2,"Umm, could you go ahead and update 2 gluten-free bread?","Update gluten-free bread, let's say 5 of them... wait, double check that, just do 2."
cmd_0410,update,bananas,10,Update bananas to 10.,update bananas to 10 pls,"Hey, I changed my mind, can you update 10 bananas?","Update bananas, let's say 13 of them... wait, double check that, just do 10."
cmd_0411,update,laundry detergent,3,Update laundry detergent to 3.,update laundry detergent to 3,"Alright, so I also want to update 3 laundry detergent.","I need 5 laundry detergent, hold on, change that to 3."
cmd_0412,update,t-shirt,10,Update t-shirt to 10.,update t-shirt to 10,"Alright, so I also want to update 10 t-shirt.","Update 8 t-shirt... wait, actually make it 10."
cmd_0413,remove,tofu,1,Remove 1 tofu.,remove 1 tofu rn,"Oh, I almost forgot, please remove 1 tofu.","Remove 2 tofu... wait, actually make it 1."
cmd_0414,update,socks,9,Update socks to 9.,update socks to 9 rn,"So, uh, for the socks, let's update 9.","Put 10 socks in there... actually no, update 9 instead."
cmd_0415,add,running shoes,5,Add 5 running shoes.,add 5 running shoes,"Hey, I changed my mind, can you add 5 running shoes?","Add 7 running shoes... wait, actually make it 5."
cmd_0416,update,conditioner,5,Update conditioner to 5.,updte conditioner to 5,"Oh, I almost forgot, please update 5 conditioner.","Put 3 conditioner in there... actually no, update 5 instead."
cmd_0417,update,conditioner,10,Update conditioner to 10.,update conditioner to 10,"Umm, could you go ahead and update 10 conditioner?","I need 9 conditioner, hold on, change that to 10."
cmd_0418,update,body wash,4,Update body wash to 4.,updt body wash to 4,"Hey, I changed my mind, can you update 4 body wash?","I need 3 body wash, hold on, change that to 4."
cmd_0419,add,pasta,10,Add 10 pasta.,add 10 pasta,"I was thinking, maybe add 10 pasta to the list.","Put 9 pasta in there... actually no, add 10 instead."
cmd_0420,remove,chicken breast,4,Remove 4 chicken breast.,remove 4 chckn breast pls,"Oh, I almost forgot, please remove 4 chicken breast.","I need 6 chicken breast, hold on, change that to 4."
cmd_0421,update,ground beef,2,Update ground beef to 2.,update grond beef to 2,"Umm, could you go ahead and update 2 ground beef?","Update ground beef, let's say 1 of them... wait, double check that, just do 2."
cmd_0422,add,laptop sleeve,4,Add 4 laptop sleeve.,add 4 laptop slev pls,"Oh, I almost forgot, please add 4 laptop sleeve.","Add 5 laptop sleeve... wait, actually make it 4."
cmd_0423,remove,body wash,2,Remove 2 body wash.,remove 2 body wash pls,"Umm, could you go ahead and remove 2 body wash?","I need 5 body wash, hold on, change that to 2."
cmd_0424,update,pasta,10,Update pasta to 10.,update psta to 10 pls,"Hey, I changed my mind, can you update 10 pasta?","I need 8 pasta, hold on, change that to 10."
cmd_0425,add,body wash,10,Add 10 body wash.,add 10 body wsh,"So, uh, for the body wash, let's add 10.","Add 8 body wash... wait, actually make it 10."
cmd_0426,remove,conditioner,7,Remove 7 conditioner.,remove 7 conditioner pls,"So, uh, for the conditioner, let's remove 7.","Remove 9 conditioner... wait, actually make it 7."
cmd_0427,add,wireless mouse,9,Add 9 wireless mouse.,add 9 wireless muse rn,"I was thinking, maybe add 9 wireless mouse to the list.","I need 10 wireless mouse, hold on, change that to 9."
cmd_0428,update,winter jacket,4,Update winter jacket to 4.,update winter jacket to 4,"Uhm, let me see... could you please update 4 winter jacket?","I need 7 winter jacket, hold on, change that to 4."
cmd_0429,add,cheddar cheese,6,Add 6 cheddar cheese.,add 6 cheddr cheese rn,"Hey, I changed my mind, can you add 6 cheddar cheese?","Put 9 cheddar cheese in there... actually no, add 6 instead."
cmd_0430,remove,winter jacket,10,Remove 10 winter jacket.,remove 10 winter jckt,"I was thinking, maybe remove 10 winter jacket to the list.","Put 13 winter jacket in there... actually no, remove 10 instead."
cmd_0431,remove,pet treats,3,Remove 3 pet treats.,remove 3 pet trts pls,"Oh, I almost forgot, please remove 3 pet treats.","Remove 2 pet treats... wait, actually make it 3."
cmd_0432,remove,green tea,7,Remove 7 green tea.,remove 7 green tea rn,"Hey, I changed my mind, can you remove 7 green tea?","Put 5 green tea in there... actually no, remove 7 instead."
cmd_0433,add,avocado,10,Add 10 avocado.,add 10 avocado rn,"Uhm, let me see... could you please add 10 avocado?","Add 11 avocado... wait, actually make it 10."
cmd_0434,update,pet treats,8,Update pet treats to 8.,updte pet treats to 8,"So, uh, for the pet treats, let's update 8.","Put 10 pet treats in there... actually no, update 8 instead."
cmd_0435,update,toothpaste,4,Update toothpaste to 4.,update tthpste to 4 pls,"Alright, so I also want to update 4 toothpaste.","Update toothpaste, let's say 2 of them... wait, double check that, just do 4."
cmd_0436,update,paper towels,7,Update paper towels to 7.,update paper towels to 7,"Alright, so I also want to update 7 paper towels.","Update 9 paper towels... wait, actually make it 7."
cmd_0437,add,balsamic vinegar,9,Add 9 balsamic vinegar.,add 9 balsamic vinegar rn,"So, uh, for the balsamic vinegar, let's add 9.","Add balsamic vinegar, let's say 11 of them... wait, double check that, just do 9."
cmd_0438,remove,pet treats,5,Remove 5 pet treats.,remove 5 pet trats,"I was thinking, maybe remove 5 pet treats to the list.","Remove 8 pet treats... wait, actually make it 5."
cmd_0439,add,pet treats,10,Add 10 pet treats.,add 10 pet treats rn,"Umm, could you go ahead and add 10 pet treats?","Add pet treats, let's say 9 of them... wait, double check that, just do 10."
cmd_0440,add,running shoes,6,Add 6 running shoes.,add 6 running shoes pls,"Uhm, let me see... could you please add 6 running shoes?","I need 8 running shoes, hold on, change that to 6."
cmd_0441,add,balsamic vinegar,7,Add 7 balsamic vinegar.,add 7 balsamic vnegar,"Oh, I almost forgot, please add 7 balsamic vinegar.","Put 6 balsamic vinegar in there... actually no, add 7 instead."
cmd_0442,add,usb-c cable,1,Add 1 usb-c cable.,add 1 usb-c cable rn,"Hey, I changed my mind, can you add 1 usb-c cable?","Add 3 usb-c cable... wait, actually make it 1."
cmd_0443,update,fish flakes,5,Update fish flakes to 5.,update fish flakes to 5,"Alright, so I also want to update 5 fish flakes.","Update 3 fish flakes... wait, actually make it 5."
cmd_0444,add,chicken breast,5,Add 5 chicken breast.,add 5 chicken brest pls,"Oh, I almost forgot, please add 5 chicken breast.","I need 3 chicken breast, hold on, change that to 5."
cmd_0445,remove,apples,1,Remove 1 apples.,rmove 1 apples,"Alright, so I also want to remove 1 apples.","I need 4 apples, hold on, change that to 1."
cmd_0446,add,apples,5,Add 5 apples.,add 5 apples,"Uhm, let me see... could you please add 5 apples?","Add apples, let's say 6 of them... wait, double check that, just do 5."
cmd_0447,add,orange juice,5,Add 5 orange juice.,add 5 orange juice pls,"Umm, could you go ahead and add 5 orange juice?","Add 8 orange juice... wait, actually make it 5."
cmd_0448,remove,cat litter,10,Remove 10 cat litter.,remove 10 cat litter,"Umm, could you go ahead and remove 10 cat litter?","Put 11 cat litter in there... actually no, remove 10 instead."
cmd_0449,update,ground beef,8,Update ground beef to 8.,update ground beef to 8,"Uhm, let me see... could you please update 8 ground beef?","Update 6 ground beef... wait, actually make it 8."
cmd_0450,remove,shampoo,2,Remove 2 shampoo.,remove 2 shampoo rn,"So, uh, for the shampoo, let's remove 2.","Put 5 shampoo in there... actually no, remove 2 instead."
cmd_0451,add,shampoo,4,Add 4 shampoo.,add 4 shamp pls,"So, uh, for the shampoo, let's add 4.","Add shampoo, let's say 5 of them... wait, double check that, just do 4."
cmd_0452,update,ground beef,10,Update ground beef to 10.,update ground bf to 10 pls,"Hey, I changed my mind, can you update 10 ground beef?","Put 12 ground beef in there... actually no, update 10 instead."
cmd_0453,update,black pepper,9,Update black pepper to 9.,update black pepper to 9,"I was thinking, maybe update 9 black pepper to the list.","Update 10 black pepper... wait, actually make it 9."
cmd_0454,add,ground beef,6,Add 6 ground beef.,add 6 ground beef pls,"Uhm, let me see... could you please add 6 ground beef?","Add ground beef, let's say 7 of them... wait, double check that, just do 6."
cmd_0455,update,garlic,3,Update garlic to 3.,update garlic to 3,"So, uh, for the garlic, let's update 3.","I need 1 garlic, hold on, change that to 3."
cmd_0456,remove,apples,8,Remove 8 apples.,remove 8 apples,"Hey, I changed my mind, can you remove 8 apples?","I need 6 apples, hold on, change that to 8."
cmd_0457,add,pet treats,4,Add 4 pet treats.,add 4 pet treats rn,"Alright, so I also want to add 4 pet treats.","I need 7 pet treats, hold on, change that to 4."
cmd_0458,remove,cheddar cheese,2,Remove 2 cheddar cheese.,remove 2 cheddar ches rn,"Uhm, let me see... could you please remove 2 cheddar cheese?","Remove 5 cheddar cheese... wait, actually make it 2."
cmd_0459,remove,black pepper,1,Remove 1 black pepper.,rmve 1 black pepper pls,"So, uh, for the black pepper, let's remove 1.","I need 2 black pepper, hold on, change that to 1."
cmd_0460,remove,toothpaste,2,Remove 2 toothpaste.,remove 2 tthpast rn,"I was thinking, maybe remove 2 toothpaste to the list.","Put 3 toothpaste in there... actually no, remove 2 instead."
cmd_0461,add,Greek yogurt,5,Add 5 Greek yogurt.,add 5 greek yogrt pls,"Uhm, let me see... could you please add 5 Greek yogurt?","Add Greek yogurt, let's say 3 of them... wait, double check that, just do 5."
cmd_0462,remove,usb-c cable,10,Remove 10 usb-c cable.,remove 10 usb-c cable,"Hey, I changed my mind, can you remove 10 usb-c cable?","Remove 13 usb-c cable... wait, actually make it 10."
cmd_0463,remove,ground beef,3,Remove 3 ground beef.,rmve 3 ground beef,"Hey, I changed my mind, can you remove 3 ground beef?","I need 6 ground beef, hold on, change that to 3."
cmd_0464,remove,coffee beans,3,Remove 3 coffee beans.,remove 3 coffee beans rn,"Alright, so I also want to remove 3 coffee beans.","I need 1 coffee beans, hold on, change that to 3."
cmd_0465,remove,black pepper,3,Remove 3 black pepper.,remove 3 black pepper,"Uhm, let me see... could you please remove 3 black pepper?","Remove 4 black pepper... wait, actually make it 3."
cmd_0466,remove,garlic,8,Remove 8 garlic.,remove 8 garlic,"Alright, so I also want to remove 8 garlic.","I need 6 garlic, hold on, change that to 8."
cmd_0467,add,body wash,10,Add 10 body wash.,add 10 body wash rn,"I was thinking, maybe add 10 body wash to the list.","Add body wash, let's say 8 of them... wait, double check that, just do 10."
cmd_0468,add,salmon fillet,10,Add 10 salmon fillet.,add 10 salmon fllet pls,"Oh, I almost forgot, please add 10 salmon fillet.","Add salmon fillet, let's say 13 of them... wait, double check that, just do 10."
cmd_0469,remove,tomato sauce,1,Remove 1 tomato sauce.,rmv 1 tomat sauce rn,"I was thinking, maybe remove 1 tomato sauce to the list.","I need 2 tomato sauce, hold on, change that to 1."
cmd_0470,update,toothbrush,5,Update toothbrush to 5.,update toothbrush to 5,"Umm, could you go ahead and update 5 toothbrush?","Update toothbrush, let's say 8 of them... wait, double check that, just do 5."
cmd_0471,add,jeans,1,Add 1 jeans.,add 1 jns,"Oh, I almost forgot, please add 1 jeans.","Put 3 jeans in there... actually no, add 1 instead."
cmd_0472,remove,body wash,10,Remove 10 body wash.,remove 10 body wash,"Alright, so I also want to remove 10 body wash.","Put 9 body wash in there... actually no, remove 10 instead."
cmd_0473,update,trash bags,6,Update trash bags to 6.,update trsh bags to 6 pls,"I was thinking, maybe update 6 trash bags to the list.","Update trash bags, let's say 8 of them... wait, double check that, just do 6."
cmd_0474,add,apples,3,Add 3 apples.,add 3 apples,"Alright, so I also want to add 3 apples.","Put 6 apples in there... actually no, add 3 instead."
cmd_0475,remove,olive oil,7,Remove 7 olive oil.,remove 7 olive l rn,"Umm, could you go ahead and remove 7 olive oil?","Remove olive oil, let's say 8 of them... wait, double check that, just do 7."
cmd_0476,update,ground beef,6,Update ground beef to 6.,update ground beef to 6,"Oh, I almost forgot, please update 6 ground beef.","Update ground beef, let's say 7 of them... wait, double check that, just do 6."
cmd_0477,update,apples,9,Update apples to 9.,update appls to 9,"So, uh, for the apples, let's update 9.","Update 12 apples... wait, actually make it 9."
cmd_0478,remove,garlic,1,Remove 1 garlic.,remove 1 garlic,"Oh, I almost forgot, please remove 1 garlic.","I need 2 garlic, hold on, change that to 1."
cmd_0479,add,gluten-free bread,10,Add 10 gluten-free bread.,add 10 gluten-free bread pls,"So, uh, for the gluten-free bread, let's add 10.","Add 13 gluten-free bread... wait, actually make it 10."
cmd_0480,remove,tomato sauce,2,Remove 2 tomato sauce.,remve 2 tomato sauce,"Umm, could you go ahead and remove 2 tomato sauce?","Remove tomato sauce, let's say 1 of them... wait, double check that, just do 2."
cmd_0481,remove,usb-c cable,5,Remove 5 usb-c cable.,remove 5 sb-c cbl,"Oh, I almost forgot, please remove 5 usb-c cable.","Remove usb-c cable, let's say 7 of them... wait, double check that, just do 5."
cmd_0482,remove,t-shirt,8,Remove 8 t-shirt.,remove 8 t-shirt rn,"So, uh, for the t-shirt, let's remove 8.","Remove 6 t-shirt... wait, actually make it 8."
cmd_0483,add,black pepper,7,Add 7 black pepper.,add 7 black pepper pls,"I was thinking, maybe add 7 black pepper to the list.","Add black pepper, let's say 9 of them... wait, double check that, just do 7."
cmd_0484,remove,cheddar cheese,9,Remove 9 cheddar cheese.,remove 9 cheddar cheese,"I was thinking, maybe remove 9 cheddar cheese to the list.","Remove 7 cheddar cheese... wait, actually make it 9."
cmd_0485,update,shampoo,6,Update shampoo to 6.,update shampoo to 6 rn,"Uhm, let me see... could you please update 6 shampoo?","Update shampoo, let's say 7 of them... wait, double check that, just do 6."
cmd_0486,remove,pet treats,4,Remove 4 pet treats.,remove 4 pet treats rn,"Umm, could you go ahead and remove 4 pet treats?","Remove 2 pet treats... wait, actually make it 4."
cmd_0487,add,whole milk,7,Add 7 whole milk.,add 7 whole milk pls,"Hey, I changed my mind, can you add 7 whole milk?","Add 5 whole milk... wait, actually make it 7."
cmd_0488,update,apples,1,Update apples to 1.,update apples to 1,"Uhm, let me see... could you please update 1 apples?","Put 3 apples in there... actually no, update 1 instead."
cmd_0489,remove,toothpaste,10,Remove 10 toothpaste.,remove 10 toothpste,"Oh, I almost forgot, please remove 10 toothpaste.","I need 12 toothpaste, hold on, change that to 10."
cmd_0490,remove,AA batteries,2,Remove 2 AA batteries.,remove 2 aa batteries pls,"Oh, I almost forgot, please remove 2 AA batteries.","Put 3 AA batteries in there... actually no, remove 2 instead."
cmd_0491,remove,Greek yogurt,8,Remove 8 Greek yogurt.,remove 8 greek yogurt pls,"Umm, could you go ahead and remove 8 Greek yogurt?","Put 10 Greek yogurt in there... actually no, remove 8 instead."
cmd_0492,update,conditioner,2,Update conditioner to 2.,update conditioner to 2 rn,"Alright, so I also want to update 2 conditioner.","Update conditioner, let's say 4 of them... wait, double check that, just do 2."
cmd_0493,add,conditioner,1,Add 1 conditioner.,add 1 conditioner,"Umm, could you go ahead and add 1 conditioner?","Add conditioner, let's say 3 of them... wait, double check that, just do 1."
cmd_0494,remove,sugar,7,Remove 7 sugar.,remove 7 sugar rn,"I was thinking, maybe remove 7 sugar to the list.","Remove 9 sugar... wait, actually make it 7."
cmd_0495,update,garlic,6,Update garlic to 6.,update garlic to 6,"Oh, I almost forgot, please update 6 garlic.","Update 7 garlic... wait, actually make it 6."
cmd_0496,remove,fish flakes,5,Remove 5 fish flakes.,remove 5 fish flks,"Uhm, let me see... could you please remove 5 fish flakes?","Put 7 fish flakes in there... actually no, remove 5 instead."
cmd_0497,add,gluten-free bread,4,Add 4 gluten-free bread.,add 4 gluten-free bread,"Alright, so I also want to add 4 gluten-free bread.","Add gluten-free bread, let's say 7 of them... wait, double check that, just do 4."
cmd_0498,add,gluten-free bread,6,Add 6 gluten-free bread.,add 6 glutn-fre bread rn,"Umm, could you go ahead and add 6 gluten-free bread?","Add 5 gluten-free bread... wait, actually make it 6."
cmd_0499,add,bird seed,3,Add 3 bird seed.,add 3 bird seed pls,"I was thinking, maybe add 3 bird seed to the list.","Add 2 bird seed... wait, actually make it 3."
cmd_0500,add,shampoo,1,Add 1 shampoo.,add 1 shmpo rn,"Umm, could you go ahead and add 1 shampoo?","Put 4 shampoo in there... actually no, add 1 instead."
cmd_0501,add,wireless mouse,7,Add 7 wireless mouse.,add 7 wireless mouse pls,"I was thinking, maybe add 7 wireless mouse to the list.","Put 10 wireless mouse in there... actually no, add 7 instead."
cmd_0502,remove,headphones,1,Remove 1 headphones.,remove 1 headphns,"Uhm, let me see... could you please remove 1 headphones?","Remove 3 headphones... wait, actually make it 1."
cmd_0503,update,frozen pizza,7,Update frozen pizza to 7.,update frozen pizz to 7,"I was thinking, maybe update 7 frozen pizza to the list.","Put 6 frozen pizza in there... actually no, update 7 instead."
cmd_0504,add,shampoo,5,Add 5 shampoo.,add 5 shampoo rn,"Hey, I changed my mind, can you add 5 shampoo?","Add 7 shampoo... wait, actually make it 5."
cmd_0505,update,winter jacket,6,Update winter jacket to 6.,update winter jckt to 6,"Alright, so I also want to update 6 winter jacket.","I need 5 winter jacket, hold on, change that to 6."
cmd_0506,add,wireless mouse,2,Add 2 wireless mouse.,add 2 wireless mouse pls,"I was thinking, maybe add 2 wireless mouse to the list.","Add 4 wireless mouse... wait, actually make it 2."
cmd_0507,update,sponge,5,Update sponge to 5.,update sponge to 5 rn,"Uhm, let me see... could you please update 5 sponge?","Put 8 sponge in there... actually no, update 5 instead."
cmd_0508,add,avocado,8,Add 8 avocado.,add 8 avocado,"Alright, so I also want to add 8 avocado.","I need 7 avocado, hold on, change that to 8."
cmd_0509,add,pet treats,2,Add 2 pet treats.,add 2 pet treats rn,"Alright, so I also want to add 2 pet treats.","Add pet treats, let's say 5 of them... wait, double check that, just do 2."
cmd_0510,add,sugar,3,Add 3 sugar.,add 3 sugar pls,"So, uh, for the sugar, let's add 3.","Put 4 sugar in there... actually no, add 3 instead."
cmd_0511,remove,eggs,1,Remove 1 eggs.,remove 1 ggs rn,"So, uh, for the eggs, let's remove 1.","I need 3 eggs, hold on, change that to 1."
cmd_0512,update,AA batteries,10,Update AA batteries to 10.,update aa batteries to 10,"Hey, I changed my mind, can you update 10 AA batteries?","Update AA batteries, let's say 13 of them... wait, double check that, just do 10."
cmd_0513,remove,socks,1,Remove 1 socks.,remove 1 socks,"Umm, could you go ahead and remove 1 socks?","Remove 3 socks... wait, actually make it 1."
cmd_0514,remove,gluten-free bread,1,Remove 1 gluten-free bread.,remove 1 gluten-free bread,"I was thinking, maybe remove 1 gluten-free bread to the list.","Remove gluten-free bread, let's say 3 of them... wait, double check that, just do 1."
cmd_0515,remove,t-shirt,2,Remove 2 t-shirt.,remove 2 t-shirt rn,"So, uh, for the t-shirt, let's remove 2.","Remove 1 t-shirt... wait, actually make it 2."
cmd_0516,add,pasta,5,Add 5 pasta.,add 5 pasta,"Alright, so I also want to add 5 pasta.","Add pasta, let's say 4 of them... wait, double check that, just do 5."
cmd_0517,add,sponge,8,Add 8 sponge.,add 8 sponge,"Umm, could you go ahead and add 8 sponge?","I need 6 sponge, hold on, change that to 8."
cmd_0518,remove,fish flakes,5,Remove 5 fish flakes.,remove 5 fish flakes,"So, uh, for the fish flakes, let's remove 5.","I need 3 fish flakes, hold on, change that to 5."
cmd_0519,add,orange juice,7,Add 7 orange juice.,add 7 orange jic pls,"So, uh, for the orange juice, let's add 7.","Add 6 orange juice... wait, actually make it 7."
cmd_0520,update,pasta,10,Update pasta to 10.,update pasta to 10,"Umm, could you go ahead and update 10 pasta?","I need 12 pasta, hold on, change that to 10."
cmd_0521,add,Greek yogurt,6,Add 6 Greek yogurt.,add 6 greek ygrt rn,"Umm, could you go ahead and add 6 Greek yogurt?","Add 7 Greek yogurt... wait, actually make it 6."
cmd_0522,add,black pepper,2,Add 2 black pepper.,add 2 black pepper pls,"So, uh, for the black pepper, let's add 2.","Put 4 black pepper in there... actually no, add 2 instead."
cmd_0523,remove,cheddar cheese,4,Remove 4 cheddar cheese.,remove 4 cheddar cheese rn,"So, uh, for the cheddar cheese, let's remove 4.","Remove cheddar cheese, let's say 6 of them... wait, double check that, just do 4."
cmd_0524,update,conditioner,1,Update conditioner to 1.,update cnditner to 1,"I was thinking, maybe update 1 conditioner to the list.","Update conditioner, let's say 4 of them... wait, double check that, just do 1."
cmd_0525,remove,winter jacket,10,Remove 10 winter jacket.,rmove 10 winter jacket pls,"So, uh, for the winter jacket, let's remove 10.","Remove winter jacket, let's say 11 of them... wait, double check that, just do 10."
cmd_0526,add,frozen pizza,3,Add 3 frozen pizza.,add 3 frozen pizza,"Hey, I changed my mind, can you add 3 frozen pizza?","Put 2 frozen pizza in there... actually no, add 3 instead."
cmd_0527,add,gluten-free bread,6,Add 6 gluten-free bread.,add 6 gluten-free bread,"So, uh, for the gluten-free bread, let's add 6.","I need 5 gluten-free bread, hold on, change that to 6."
cmd_0528,remove,garlic,3,Remove 3 garlic.,remove 3 grlc,"Hey, I changed my mind, can you remove 3 garlic?","I need 1 garlic, hold on, change that to 3."
cmd_0529,update,dog food,5,Update dog food to 5.,update dog food to 5 pls,"Umm, could you go ahead and update 5 dog food?","I need 7 dog food, hold on, change that to 5."
cmd_0530,update,orange juice,8,Update orange juice to 8.,update range juice to 8 pls,"I was thinking, maybe update 8 orange juice to the list.","Put 7 orange juice in there... actually no, update 8 instead."
cmd_0531,remove,wireless mouse,1,Remove 1 wireless mouse.,rmv 1 wireless mouse,"Uhm, let me see... could you please remove 1 wireless mouse?","Remove wireless mouse, let's say 2 of them... wait, double check that, just do 1."
cmd_0532,add,dog food,7,Add 7 dog food.,add 7 dog food,"Uhm, let me see... could you please add 7 dog food?","Add dog food, let's say 6 of them... wait, double check that, just do 7."
cmd_0533,update,green tea,8,Update green tea to 8.,update green tea to 8 pls,"Umm, could you go ahead and update 8 green tea?","Update 11 green tea... wait, actually make it 8."
cmd_0534,add,headphones,5,Add 5 headphones.,add 5 headphones pls,"Umm, could you go ahead and add 5 headphones?","Add 7 headphones... wait, actually make it 5."
cmd_0535,add,green tea,5,Add 5 green tea.,add 5 green tea pls,"Hey, I changed my mind, can you add 5 green tea?","I need 7 green tea, hold on, change that to 5."
cmd_0536,update,tomato sauce,1,Update tomato sauce to 1.,update tomato sauce to 1 pls,"Oh, I almost forgot, please update 1 tomato sauce.","Put 3 tomato sauce in there... actually no, update 1 instead."
cmd_0537,remove,winter jacket,8,Remove 8 winter jacket.,rmove 8 winter jcket,"So, uh, for the winter jacket, let's remove 8.","Remove winter jacket, let's say 11 of them... wait, double check that, just do 8."
cmd_0538,update,sugar,5,Update sugar to 5.,update sugar to 5,"Oh, I almost forgot, please update 5 sugar.","Put 6 sugar in there... actually no, update 5 instead."
cmd_0539,update,dark chocolate bar,3,Update dark chocolate bar to 3.,update dark chocolat bar to 3,"Oh, I almost forgot, please update 3 dark chocolate bar.","Update 2 dark chocolate bar... wait, actually make it 3."
cmd_0540,update,fish flakes,3,Update fish flakes to 3.,update fish flakes to 3,"Uhm, let me see... could you please update 3 fish flakes?","I need 6 fish flakes, hold on, change that to 3."
cmd_0541,add,whole milk,3,Add 3 whole milk.,add 3 whole milk rn,"Hey, I changed my mind, can you add 3 whole milk?","Put 6 whole milk in there... actually no, add 3 instead."
cmd_0542,add,chicken breast,10,Add 10 chicken breast.,add 10 chicken breast,"Alright, so I also want to add 10 chicken breast.","Add 12 chicken breast... wait, actually make it 10."
cmd_0543,add,eggs,1,Add 1 eggs.,add 1 eggs,"Umm, could you go ahead and add 1 eggs?","I need 4 eggs, hold on, change that to 1."
cmd_0544,add,dog food,5,Add 5 dog food.,add 5 dog food pls,"Hey, I changed my mind, can you add 5 dog food?","Put 6 dog food in there... actually no, add 5 instead."
cmd_0545,add,eggs,2,Add 2 eggs.,add 2 eggs,"Hey, I changed my mind, can you add 2 eggs?","Add 4 eggs... wait, actually make it 2."
cmd_0546,update,olive oil,10,Update olive oil to 10.,update lv oil to 10 pls,"So, uh, for the olive oil, let's update 10.","Update 8 olive oil... wait, actually make it 10."
cmd_0547,add,bird seed,5,Add 5 bird seed.,add 5 brd seed pls,"Umm, could you go ahead and add 5 bird seed?","Add 3 bird seed... wait, actually make it 5."
cmd_0548,update,fish flakes,1,Update fish flakes to 1.,update fish flakes to 1 pls,"I was thinking, maybe update 1 fish flakes to the list.","Put 3 fish flakes in there... actually no, update 1 instead."
cmd_0549,update,dog food,8,Update dog food to 8.,update dog food to 8,"Hey, I changed my mind, can you update 8 dog food?","Put 11 dog food in there... actually no, update 8 instead."
cmd_0550,remove,orange juice,6,Remove 6 orange juice.,remov 6 orange juice,"Oh, I almost forgot, please remove 6 orange juice.","Put 8 orange juice in there... actually no, remove 6 instead."
cmd_0551,update,green tea,5,Update green tea to 5.,update green tea to 5,"Uhm, let me see... could you please update 5 green tea?","Update 7 green tea... wait, actually make it 5."
cmd_0552,remove,salt,9,Remove 9 salt.,remove 9 salt rn,"Hey, I changed my mind, can you remove 9 salt?","I need 7 salt, hold on, change that to 9."
cmd_0553,add,laundry detergent,4,Add 4 laundry detergent.,add 4 lndry detergent,"So, uh, for the laundry detergent, let's add 4.","I need 6 laundry detergent, hold on, change that to 4."
cmd_0554,remove,toothpaste,10,Remove 10 toothpaste.,remove 10 toothpaste pls,"Alright, so I also want to remove 10 toothpaste.","Remove 8 toothpaste... wait, actually make it 10."
cmd_0555,remove,tomato sauce,8,Remove 8 tomato sauce.,remove 8 tmto sace,"Oh, I almost forgot, please remove 8 tomato sauce.","Remove tomato sauce, let's say 6 of them... wait, double check that, just do 8."
cmd_0556,remove,wireless mouse,5,Remove 5 wireless mouse.,remove 5 wireless mouse,"Oh, I almost forgot, please remove 5 wireless mouse.","Remove wireless mouse, let's say 3 of them... wait, double check that, just do 5."
cmd_0557,add,trash bags,8,Add 8 trash bags.,add 8 trash bgs,"I was thinking, maybe add 8 trash bags to the list.","Add trash bags, let's say 7 of them... wait, double check that, just do 8."
cmd_0558,remove,eggs,5,Remove 5 eggs.,remove 5 ggs,"Umm, could you go ahead and remove 5 eggs?","Remove eggs, let's say 7 of them... wait, double check that, just do 5."
cmd_0559,update,AA batteries,9,Update AA batteries to 9.,updat aa batteries to 9 pls,"Umm, could you go ahead and update 9 AA batteries?","Put 7 AA batteries in there... actually no, update 9 instead."
cmd_0560,remove,dish soap,10,Remove 10 dish soap.,rmove 10 dish soap rn,"I was thinking, maybe remove 10 dish soap to the list.","Remove 11 dish soap... wait, actually make it 10."
cmd_0561,update,Greek yogurt,5,Update Greek yogurt to 5.,updat grek yogurt to 5 rn,"So, uh, for the Greek yogurt, let's update 5.","Update Greek yogurt, let's say 7 of them... wait, double check that, just do 5."
cmd_0562,remove,ground beef,2,Remove 2 ground beef.,remove 2 ground beef,"So, uh, for the ground beef, let's remove 2.","I need 1 ground beef, hold on, change that to 2."
cmd_0563,remove,sugar,4,Remove 4 sugar.,remove 4 sugar,"So, uh, for the sugar, let's remove 4.","Remove 5 sugar... wait, actually make it 4."
cmd_0564,remove,ground beef,7,Remove 7 ground beef.,remove 7 ground beef,"So, uh, for the ground beef, let's remove 7.","Remove ground beef, let's say 5 of them... wait, double check that, just do 7."
cmd_0565,remove,headphones,6,Remove 6 headphones.,remove 6 headphones,"Umm, could you go ahead and remove 6 headphones?","Put 7 headphones in there... actually no, remove 6 instead."
cmd_0566,remove,coffee beans,5,Remove 5 coffee beans.,remove 5 coffee bens,"Hey, I changed my mind, can you remove 5 coffee beans?","I need 7 coffee beans, hold on, change that to 5."
cmd_0567,update,garlic,10,Update garlic to 10.,update garlic to 10 pls,"Hey, I changed my mind, can you update 10 garlic?","Update garlic, let's say 11 of them... wait, double check that, just do 10."
cmd_0568,add,t-shirt,3,Add 3 t-shirt.,add 3 t-shirt,"Uhm, let me see... could you please add 3 t-shirt?","Add t-shirt, let's say 2 of them... wait, double check that, just do 3."
cmd_0569,remove,jeans,3,Remove 3 jeans.,remove 3 jeans pls,"Hey, I changed my mind, can you remove 3 jeans?","Put 1 jeans in there... actually no, remove 3 instead."
cmd_0570,remove,black pepper,8,Remove 8 black pepper.,remove 8 black pepper pls,"Oh, I almost forgot, please remove 8 black pepper.","Put 9 black pepper in there... actually no, remove 8 instead."
cmd_0571,update,gluten-free bread,8,Update gluten-free bread to 8.,update glten-free bread to 8,"Oh, I almost forgot, please update 8 gluten-free bread.","Put 7 gluten-free bread in there... actually no, update 8 instead."
cmd_0572,add,ground beef,9,Add 9 ground beef.,add 9 ground beef rn,"Uhm, let me see... could you please add 9 ground beef?","Add 8 ground beef... wait, actually make it 9."
cmd_0573,remove,laundry detergent,10,Remove 10 laundry detergent.,remove 10 laundry detergent pls,"Uhm, let me see... could you please remove 10 laundry detergent?","Put 9 laundry detergent in there... actually no, remove 10 instead."
cmd_0574,remove,salt,7,Remove 7 salt.,remove 7 salt,"So, uh, for the salt, let's remove 7.","Remove salt, let's say 10 of them... wait, double check that, just do 7."
cmd_0575,remove,toothbrush,4,Remove 4 toothbrush.,remove 4 toothbrush,"Oh, I almost forgot, please remove 4 toothbrush.","Remove 5 toothbrush... wait, actually make it 4."
cmd_0576,update,tofu,1,Update tofu to 1.,update tofu to 1 rn,"Umm, could you go ahead and update 1 tofu?","I need 3 tofu, hold on, change that to 1."
cmd_0577,update,body wash,6,Update body wash to 6.,update body wash to 6 pls,"Alright, so I also want to update 6 body wash.","I need 7 body wash, hold on, change that to 6."
cmd_0578,add,fish flakes,4,Add 4 fish flakes.,add 4 fish flakes,"Oh, I almost forgot, please add 4 fish flakes.","I need 2 fish flakes, hold on, change that to 4."
cmd_0579,add,pet treats,8,Add 8 pet treats.,add 8 pet treats,"Oh, I almost forgot, please add 8 pet treats.","I need 7 pet treats, hold on, change that to 8."
cmd_0580,update,Greek yogurt,6,Update Greek yogurt to 6.,update greek yogurt to 6,"Hey, I changed my mind, can you update 6 Greek yogurt?","Put 8 Greek yogurt in there... actually no, update 6 instead."
cmd_0581,add,coffee beans,4,Add 4 coffee beans.,add 4 coff beans,"I was thinking, maybe add 4 coffee beans to the list.","I need 6 coffee beans, hold on, change that to 4."
cmd_0582,remove,pasta,3,Remove 3 pasta.,remove 3 pasta rn,"Alright, so I also want to remove 3 pasta.","Put 4 pasta in there... actually no, remove 3 instead."
cmd_0583,remove,trash bags,10,Remove 10 trash bags.,remove 10 trash bags,"Alright, so I also want to remove 10 trash bags.","I need 9 trash bags, hold on, change that to 10."
cmd_0584,update,AA batteries,1,Update AA batteries to 1.,update aa batteries to 1 rn,"I was thinking, maybe update 1 AA batteries to the list.","Update AA batteries, let's say 4 of them... wait, double check that, just do 1."
cmd_0585,remove,toothbrush,8,Remove 8 toothbrush.,rmov 8 toothbrush rn,"Oh, I almost forgot, please remove 8 toothbrush.","Put 7 toothbrush in there... actually no, remove 8 instead."
cmd_0586,remove,cat litter,4,Remove 4 cat litter.,remove 4 cat litter pls,"Umm, could you go ahead and remove 4 cat litter?","Put 6 cat litter in there... actually no, remove 4 instead."
cmd_0587,remove,salmon fillet,8,Remove 8 salmon fillet.,remv 8 salmon fillet,"Uhm, let me see... could you please remove 8 salmon fillet?","Remove 6 salmon fillet... wait, actually make it 8."
cmd_0588,add,laundry detergent,4,Add 4 laundry detergent.,add 4 laundry detergent,"Oh, I almost forgot, please add 4 laundry detergent.","Add 2 laundry detergent... wait, actually make it 4."
cmd_0589,remove,olive oil,10,Remove 10 olive oil.,remove 10 olive il pls,"Hey, I changed my mind, can you remove 10 olive oil?","Remove olive oil, let's say 13 of them... wait, double check that, just do 10."
cmd_0590,remove,black pepper,3,Remove 3 black pepper.,rmove 3 black pepper rn,"So, uh, for the black pepper, let's remove 3.","I need 5 black pepper, hold on, change that to 3."
cmd_0591,remove,frozen pizza,5,Remove 5 frozen pizza.,remove 5 frzen pizza,"I was thinking, maybe remove 5 frozen pizza to the list.","Remove 7 frozen pizza... wait, actually make it 5."
cmd_0592,add,cheddar cheese,1,Add 1 cheddar cheese.,add 1 cheddar cheese,"Alright, so I also want to add 1 cheddar cheese.","Add cheddar cheese, let's say 3 of them... wait, double check that, just do 1."
cmd_0593,remove,dog food,9,Remove 9 dog food.,remove 9 dog food pls,"Uhm, let me see... could you please remove 9 dog food?","I need 8 dog food, hold on, change that to 9."
cmd_0594,add,AA batteries,9,Add 9 AA batteries.,add 9 aa batteries rn,"Oh, I almost forgot, please add 9 AA batteries.","Put 12 AA batteries in there... actually no, add 9 instead."
cmd_0595,remove,Greek yogurt,4,Remove 4 Greek yogurt.,remove 4 greek ygrt,"Uhm, let me see... could you please remove 4 Greek yogurt?","Put 5 Greek yogurt in there... actually no, remove 4 instead."
cmd_0596,add,apples,8,Add 8 apples.,add 8 apples,"Uhm, let me see... could you please add 8 apples?","Add 9 apples... wait, actually make it 8."
cmd_0597,update,frozen pizza,8,Update frozen pizza to 8.,update frozen pizza to 8 pls,"Uhm, let me see... could you please update 8 frozen pizza?","I need 9 frozen pizza, hold on, change that to 8."
cmd_0598,add,bird seed,2,Add 2 bird seed.,add 2 bird seed,"Uhm, let me see... could you please add 2 bird seed?","Put 1 bird seed in there... actually no, add 2 instead."
cmd_0599,remove,pet treats,7,Remove 7 pet treats.,remove 7 pet treats,"I was thinking, maybe remove 7 pet treats to the list.","Put 10 pet treats in there... actually no, remove 7 instead."
cmd_0600,remove,toothpaste,2,Remove 2 toothpaste.,remove 2 toothpaste,"Umm, could you go ahead and remove 2 toothpaste?","Remove toothpaste, let's say 5 of them... wait, double check that, just do 2."
cmd_0601,add,fish flakes,7,Add 7 fish flakes.,add 7 fish flakes pls,"So, uh, for the fish flakes, let's add 7.","Put 9 fish flakes in there... actually no, add 7 instead."
cmd_0602,update,toothbrush,3,Update toothbrush to 3.,update toothbrush to 3 rn,"Oh, I almost forgot, please update 3 toothbrush.","I need 5 toothbrush, hold on, change that to 3."
cmd_0603,add,eggs,5,Add 5 eggs.,add 5 eggs pls,"Uhm, let me see... could you please add 5 eggs?","Add 3 eggs... wait, actually make it 5."
cmd_0604,update,sugar,7,Update sugar to 7.,updt sugar to 7 rn,"I was thinking, maybe update 7 sugar to the list.","Put 9 sugar in there... actually no, update 7 instead."
cmd_0605,add,coffee beans,1,Add 1 coffee beans.,add 1 coffee beans,"Umm, could you go ahead and add 1 coffee beans?","I need 2 coffee beans, hold on, change that to 1."
cmd_0606,add,headphones,3,Add 3 headphones.,add 3 headphones,"Uhm, let me see... could you please add 3 headphones?","Add headphones, let's say 1 of them... wait, double check that, just do 3."
cmd_0607,add,whole milk,3,Add 3 whole milk.,add 3 whole milk,"So, uh, for the whole milk, let's add 3.","I need 6 whole milk, hold on, change that to 3."
cmd_0608,update,toothbrush,7,Update toothbrush to 7.,update toothbrsh to 7 pls,"Alright, so I also want to update 7 toothbrush.","Put 6 toothbrush in there... actually no, update 7 instead."
cmd_0609,remove,shampoo,9,Remove 9 shampoo.,remove 9 shamp,"Umm, could you go ahead and remove 9 shampoo?","Put 8 shampoo in there... actually no, remove 9 instead."
cmd_0610,remove,ground beef,7,Remove 7 ground beef.,remv 7 ground beef,"So, uh, for the ground beef, let's remove 7.","Remove ground beef, let's say 5 of them... wait, double check that, just do 7."
cmd_0611,remove,tomato sauce,9,Remove 9 tomato sauce.,remove 9 tomato sauce,"Umm, could you go ahead and remove 9 tomato sauce?","Remove tomato sauce, let's say 7 of them... wait, double check that, just do 9."
cmd_0612,update,paper towels,9,Update paper towels to 9.,updte paper towels to 9 rn,"So, uh, for the paper towels, let's update 9.","Update paper towels, let's say 8 of them... wait, double check that, just do 9."
cmd_0613,remove,salt,4,Remove 4 salt.,remove 4 salt,"I was thinking, maybe remove 4 salt to the list.","Put 6 salt in there... actually no, remove 4 instead."
cmd_0614,remove,cat litter,7,Remove 7 cat litter.,remove 7 cat litter,"Oh, I almost forgot, please remove 7 cat litter.","Put 6 cat litter in there... actually no, remove 7 instead."
cmd_0615,remove,body wash,2,Remove 2 body wash.,remove 2 bdy wash,"Hey, I changed my mind, can you remove 2 body wash?","Remove 5 body wash... wait, actually make it 2."
cmd_0616,add,dish soap,5,Add 5 dish soap.,add 5 dish soap pls,"Uhm, let me see... could you please add 5 dish soap?","Add dish soap, let's say 6 of them... wait, double check that, just do 5."
cmd_0617,add,frozen pizza,4,Add 4 frozen pizza.,add 4 frozen pizza rn,"Umm, could you go ahead and add 4 frozen pizza?","Put 5 frozen pizza in there... actually no, add 4 instead."
cmd_0618,update,olive oil,10,Update olive oil to 10.,update olive oil to 10 rn,"Uhm, let me see... could you please update 10 olive oil?","Update 13 olive oil... wait, actually make it 10."
cmd_0619,update,gluten-free bread,9,Update gluten-free bread to 9.,updt gluten-free bread to 9 pls,"I was thinking, maybe update 9 gluten-free bread to the list.","I need 10 gluten-free bread, hold on, change that to 9."
cmd_0620,add,orange juice,4,Add 4 orange juice.,add 4 orange juice,"Umm, could you go ahead and add 4 orange juice?","Add 3 orange juice... wait, actually make it 4."
cmd_0621,remove,sponge,7,Remove 7 sponge.,remove 7 spnge pls,"Oh, I almost forgot, please remove 7 sponge.","Remove sponge, let's say 9 of them... wait, double check that, just do 7."
cmd_0622,remove,black pepper,9,Remove 9 black pepper.,remove 9 black pppr pls,"So, uh, for the black pepper, let's remove 9.","Put 11 black pepper in there... actually no, remove 9 instead."
cmd_0623,remove,dark chocolate bar,7,Remove 7 dark chocolate bar.,remove 7 dark chocolate br,"Umm, could you go ahead and remove 7 dark chocolate bar?","Remove dark chocolate bar, let's say 8 of them... wait, double check that, just do 7."
cmd_0624,remove,toothbrush,9,Remove 9 toothbrush.,remove 9 toothbrush,"Umm, could you go ahead and remove 9 toothbrush?","Put 12 toothbrush in there... actually no, remove 9 instead."
cmd_0625,update,coffee beans,8,Update coffee beans to 8.,update coffee beans to 8,"I was thinking, maybe update 8 coffee beans to the list.","Put 10 coffee beans in there... actually no, update 8 instead."
cmd_0626,remove,apples,1,Remove 1 apples.,remove 1 apples,"Umm, could you go ahead and remove 1 apples?","Put 2 apples in there... actually no, remove 1 instead."
cmd_0627,add,olive oil,9,Add 9 olive oil.,add 9 olive l pls,"Oh, I almost forgot, please add 9 olive oil.","Add olive oil, let's say 10 of them... wait, double check that, just do 9."
cmd_0628,update,orange juice,1,Update orange juice to 1.,update orange juice to 1,"Umm, could you go ahead and update 1 orange juice?","Update orange juice, let's say 3 of them... wait, double check that, just do 1."
cmd_0629,remove,t-shirt,10,Remove 10 t-shirt.,remove 10 t-shirt,"So, uh, for the t-shirt, let's remove 10.","I need 11 t-shirt, hold on, change that to 10."
cmd_0630,update,dog food,10,Update dog food to 10.,update dog food to 10,"So, uh, for the dog food, let's update 10.","Update 12 dog food... wait, actually make it 10."
cmd_0631,add,dog food,7,Add 7 dog food.,add 7 dog food,"So, uh, for the dog food, let's add 7.","Add dog food, let's say 10 of them... wait, double check that, just do 7."
cmd_0632,update,chicken breast,9,Update chicken breast to 9.,update chicken breast to 9,"I was thinking, maybe update 9 chicken breast to the list.","Put 11 chicken breast in there... actually no, update 9 instead."
cmd_0633,add,olive oil,3,Add 3 olive oil.,add 3 olive oil,"Alright, so I also want to add 3 olive oil.","Add 5 olive oil... wait, actually make it 3."
cmd_0634,update,AA batteries,9,Update AA batteries to 9.,update aa batteries to 9 rn,"Hey, I changed my mind, can you update 9 AA batteries?","I need 7 AA batteries, hold on, change that to 9."
cmd_0635,remove,sponge,5,Remove 5 sponge.,remove 5 spnge,"So, uh, for the sponge, let's remove 5.","Put 4 sponge in there... actually no, remove 5 instead."
cmd_0636,update,tomato sauce,1,Update tomato sauce to 1.,updat tomato sauce to 1,"I was thinking, maybe update 1 tomato sauce to the list.","Put 4 tomato sauce in there... actually no, update 1 instead."
cmd_0637,add,olive oil,8,Add 8 olive oil.,add 8 liv oil,"So, uh, for the olive oil, let's add 8.","Add 11 olive oil... wait, actually make it 8."
cmd_0638,update,salt,5,Update salt to 5.,update salt to 5,"Umm, could you go ahead and update 5 salt?","Update 3 salt... wait, actually make it 5."
cmd_0639,add,frozen pizza,9,Add 9 frozen pizza.,add 9 frozen pizz pls,"Umm, could you go ahead and add 9 frozen pizza?","Add 8 frozen pizza... wait, actually make it 9."
cmd_0640,remove,headphones,4,Remove 4 headphones.,remove 4 headphones pls,"Umm, could you go ahead and remove 4 headphones?","I need 7 headphones, hold on, change that to 4."
cmd_0641,remove,salmon fillet,1,Remove 1 salmon fillet.,remove 1 salmon fillt rn,"Uhm, let me see... could you please remove 1 salmon fillet?","Put 4 salmon fillet in there... actually no, remove 1 instead."
cmd_0642,remove,cheddar cheese,3,Remove 3 cheddar cheese.,remove 3 cheddar cheese pls,"Umm, could you go ahead and remove 3 cheddar cheese?","Put 4 cheddar cheese in there... actually no, remove 3 instead."
cmd_0643,add,dog food,1,Add 1 dog food.,add 1 dog food pls,"Oh, I almost forgot, please add 1 dog food.","Add 3 dog food... wait, actually make it 1."
cmd_0644,add,t-shirt,10,Add 10 t-shirt.,add 10 t-shirt rn,"Uhm, let me see... could you please add 10 t-shirt?","Add t-shirt, let's say 11 of them... wait, double check that, just do 10."
cmd_0645,update,green tea,2,Update green tea to 2.,update green tea to 2,"Hey, I changed my mind, can you update 2 green tea?","Put 5 green tea in there... actually no, update 2 instead."
cmd_0646,remove,ground beef,7,Remove 7 ground beef.,remove 7 ground beef pls,"Umm, could you go ahead and remove 7 ground beef?","Put 6 ground beef in there... actually no, remove 7 instead."
cmd_0647,update,sugar,9,Update sugar to 9.,update sugr to 9 pls,"Alright, so I also want to update 9 sugar.","I need 10 sugar, hold on, change that to 9."
cmd_0648,update,trash bags,6,Update trash bags to 6.,update trash bags to 6 rn,"Uhm, let me see... could you please update 6 trash bags?","Update 8 trash bags... wait, actually make it 6."
cmd_0649,add,cat litter,9,Add 9 cat litter.,add 9 cat litter,"So, uh, for the cat litter, let's add 9.","Add cat litter, let's say 10 of them... wait, double check that, just do 9."
cmd_0650,remove,t-shirt,6,Remove 6 t-shirt.,remove 6 t-shirt pls,"I was thinking, maybe remove 6 t-shirt to the list.","Remove 5 t-shirt... wait, actually make it 6."
cmd_0651,update,pasta,1,Update pasta to 1.,update pasta to 1,"Umm, could you go ahead and update 1 pasta?","Update 3 pasta... wait, actually make it 1."
cmd_0652,update,avocado,8,Update avocado to 8.,update avocado to 8 rn,"Oh, I almost forgot, please update 8 avocado.","Update 6 avocado... wait, actually make it 8."
cmd_0653,remove,sponge,4,Remove 4 sponge.,remove 4 spong rn,"Umm, could you go ahead and remove 4 sponge?","Put 5 sponge in there... actually no, remove 4 instead."
cmd_0654,add,tomato sauce,6,Add 6 tomato sauce.,add 6 tomato sauce pls,"Oh, I almost forgot, please add 6 tomato sauce.","Add 8 tomato sauce... wait, actually make it 6."
cmd_0655,remove,ground beef,9,Remove 9 ground beef.,remove 9 ground beef,"Uhm, let me see... could you please remove 9 ground beef?","Put 12 ground beef in there... actually no, remove 9 instead."
cmd_0656,update,Greek yogurt,3,Update Greek yogurt to 3.,update greek yogurt to 3 pls,"I was thinking, maybe update 3 Greek yogurt to the list.","I need 1 Greek yogurt, hold on, change that to 3."
cmd_0657,update,chicken breast,8,Update chicken breast to 8.,updat chicken breast to 8 rn,"Umm, could you go ahead and update 8 chicken breast?","Update chicken breast, let's say 10 of them... wait, double check that, just do 8."
cmd_0658,remove,balsamic vinegar,1,Remove 1 balsamic vinegar.,remove 1 balsamic vinegar rn,"Hey, I changed my mind, can you remove 1 balsamic vinegar?","Remove 2 balsamic vinegar... wait, actually make it 1."
cmd_0659,update,avocado,4,Update avocado to 4.,update avocado to 4 pls,"So, uh, for the avocado, let's update 4.","Update 2 avocado... wait, actually make it 4."
cmd_0660,add,pasta,7,Add 7 pasta.,add 7 pasta rn,"Uhm, let me see... could you please add 7 pasta?","Put 9 pasta in there... actually no, add 7 instead."
cmd_0661,remove,dark chocolate bar,6,Remove 6 dark chocolate bar.,remove 6 drk chocolate bar pls,"Uhm, let me see... could you please remove 6 dark chocolate bar?","Remove dark chocolate bar, let's say 4 of them... wait, double check that, just do 6."
cmd_0662,remove,body wash,2,Remove 2 body wash.,remove 2 body wsh rn,"Uhm, let me see... could you please remove 2 body wash?","Remove 5 body wash... wait, actually make it 2."
cmd_0663,remove,trash bags,7,Remove 7 trash bags.,rmov 7 trash bags,"So, uh, for the trash bags, let's remove 7.","Remove trash bags, let's say 5 of them... wait, double check that, just do 7."
cmd_0664,update,laundry detergent,10,Update laundry detergent to 10.,updat lundry detergent to 10,"Alright, so I also want to update 10 laundry detergent.","Put 9 laundry detergent in there... actually no, update 10 instead."
cmd_0665,add,gluten-free bread,1,Add 1 gluten-free bread.,add 1 gluten-free bread,"Umm, could you go ahead and add 1 gluten-free bread?","Put 3 gluten-free bread in there... actually no, add 1 instead."
cmd_0666,remove,winter jacket,10,Remove 10 winter jacket.,remove 10 wntr jckt,"Hey, I changed my mind, can you remove 10 winter jacket?","Put 9 winter jacket in there... actually no, remove 10 instead."
cmd_0667,add,laundry detergent,4,Add 4 laundry detergent.,add 4 laundry detergent,"So, uh, for the laundry detergent, let's add 4.","I need 7 laundry detergent, hold on, change that to 4."
cmd_0668,remove,laundry detergent,3,Remove 3 laundry detergent.,rmve 3 laundry detergent rn,"Alright, so I also want to remove 3 laundry detergent.","Remove laundry detergent, let's say 4 of them... wait, double check that, just do 3."
cmd_0669,add,coffee beans,3,Add 3 coffee beans.,add 3 coffe beans,"So, uh, for the coffee beans, let's add 3.","Add 1 coffee beans... wait, actually make it 3."
cmd_0670,add,wireless mouse,5,Add 5 wireless mouse.,add 5 wireless mouse rn,"Uhm, let me see... could you please add 5 wireless mouse?","I need 4 wireless mouse, hold on, change that to 5."
cmd_0671,add,avocado,3,Add 3 avocado.,add 3 vocad,"Oh, I almost forgot, please add 3 avocado.","Add avocado, let's say 6 of them... wait, double check that, just do 3."
cmd_0672,update,Greek yogurt,2,Update Greek yogurt to 2.,updt greek yogurt to 2 pls,"Umm, could you go ahead and update 2 Greek yogurt?","Put 5 Greek yogurt in there... actually no, update 2 instead."
cmd_0673,update,jeans,3,Update jeans to 3.,update jns to 3 rn,"Uhm, let me see... could you please update 3 jeans?","Update 5 jeans... wait, actually make it 3."
cmd_0674,add,olive oil,7,Add 7 olive oil.,add 7 olive oil,"So, uh, for the olive oil, let's add 7.","Add olive oil, let's say 10 of them... wait, double check that, just do 7."
cmd_0675,update,tomato sauce,8,Update tomato sauce to 8.,update tomato sauce to 8 pls,"Hey, I changed my mind, can you update 8 tomato sauce?","Put 10 tomato sauce in there... actually no, update 8 instead."
cmd_0676,remove,headphones,5,Remove 5 headphones.,remove 5 hadphons pls,"Umm, could you go ahead and remove 5 headphones?","Put 6 headphones in there... actually no, remove 5 instead."
cmd_0677,update,gluten-free bread,8,Update gluten-free bread to 8.,update gluten-free bread to 8 rn,"Uhm, let me see... could you please update 8 gluten-free bread?","Update gluten-free bread, let's say 7 of them... wait, double check that, just do 8."
cmd_0678,add,running shoes,2,Add 2 running shoes.,add 2 running shoes,"Hey, I changed my mind, can you add 2 running shoes?","Add 4 running shoes... wait, actually make it 2."
cmd_0679,add,sponge,1,Add 1 sponge.,add 1 sponge pls,"I was thinking, maybe add 1 sponge to the list.","Put 2 sponge in there... actually no, add 1 instead."
cmd_0680,update,tofu,3,Update tofu to 3.,update tofu to 3 pls,"So, uh, for the tofu, let's update 3.","I need 4 tofu, hold on, change that to 3."
cmd_0681,remove,coffee beans,10,Remove 10 coffee beans.,remove 10 coffee beans,"Hey, I changed my mind, can you remove 10 coffee beans?","Put 9 coffee beans in there... actually no, remove 10 instead."
cmd_0682,remove,laptop sleeve,9,Remove 9 laptop sleeve.,remove 9 laptop sleeve rn,"Oh, I almost forgot, please remove 9 laptop sleeve.","Remove laptop sleeve, let's say 8 of them... wait, double check that, just do 9."
cmd_0683,update,green tea,4,Update green tea to 4.,update green tea to 4,"Alright, so I also want to update 4 green tea.","I need 5 green tea, hold on, change that to 4."
cmd_0684,add,green tea,7,Add 7 green tea.,add 7 green tea rn,"Oh, I almost forgot, please add 7 green tea.","Put 5 green tea in there... actually no, add 7 instead."
cmd_0685,add,laundry detergent,10,Add 10 laundry detergent.,add 10 laundry detergent rn,"Alright, so I also want to add 10 laundry detergent.","Add laundry detergent, let's say 8 of them... wait, double check that, just do 10."
cmd_0686,add,pasta,2,Add 2 pasta.,add 2 pasta rn,"I was thinking, maybe add 2 pasta to the list.","Put 5 pasta in there... actually no, add 2 instead."
cmd_0687,add,body wash,10,Add 10 body wash.,add 10 bdy wash pls,"I was thinking, maybe add 10 body wash to the list.","Add 13 body wash... wait, actually make it 10."
cmd_0688,remove,dark chocolate bar,6,Remove 6 dark chocolate bar.,remove 6 dark chocolate bar,"Uhm, let me see... could you please remove 6 dark chocolate bar?","Put 8 dark chocolate bar in there... actually no, remove 6 instead."
cmd_0689,add,headphones,5,Add 5 headphones.,add 5 headphones,"Umm, could you go ahead and add 5 headphones?","Add headphones, let's say 4 of them... wait, double check that, just do 5."
cmd_0690,remove,wireless mouse,1,Remove 1 wireless mouse.,remove 1 wireless mouse pls,"So, uh, for the wireless mouse, let's remove 1.","Remove wireless mouse, let's say 4 of them... wait, double check that, just do 1."
cmd_0691,remove,black pepper,10,Remove 10 black pepper.,remv 10 black pepper,"Oh, I almost forgot, please remove 10 black pepper.","Remove black pepper, let's say 9 of them... wait, double check that, just do 10."
cmd_0692,add,usb-c cable,10,Add 10 usb-c cable.,add 10 usb-c cble rn,"Oh, I almost forgot, please add 10 usb-c cable.","I need 9 usb-c cable, hold on, change that to 10."
cmd_0693,update,garlic,5,Update garlic to 5.,update grlc to 5 rn,"So, uh, for the garlic, let's update 5.","Update 3 garlic... wait, actually make it 5."
cmd_0694,update,pet treats,6,Update pet treats to 6.,update pet treats to 6,"Alright, so I also want to update 6 pet treats.","I need 8 pet treats, hold on, change that to 6."
cmd_0695,update,coffee beans,4,Update coffee beans to 4.,update coffe beans to 4 rn,"Alright, so I also want to update 4 coffee beans.","Update coffee beans, let's say 3 of them... wait, double check that, just do 4."
cmd_0696,remove,AA batteries,3,Remove 3 AA batteries.,remove 3 aa btteres pls,"Alright, so I also want to remove 3 AA batteries.","Put 4 AA batteries in there... actually no, remove 3 instead."
cmd_0697,add,dog food,1,Add 1 dog food.,add 1 dog fd,"Uhm, let me see... could you please add 1 dog food?","I need 3 dog food, hold on, change that to 1."
cmd_0698,remove,dark chocolate bar,10,Remove 10 dark chocolate bar.,rmv 10 dark choclate bar pls,"Uhm, let me see... could you please remove 10 dark chocolate bar?","Put 9 dark chocolate bar in there... actually no, remove 10 instead."
cmd_0699,add,green tea,9,Add 9 green tea.,add 9 green te rn,"Hey, I changed my mind, can you add 9 green tea?","I need 7 green tea, hold on, change that to 9."
cmd_0700,remove,usb-c cable,1,Remove 1 usb-c cable.,remove 1 usb-c cable pls,"Oh, I almost forgot, please remove 1 usb-c cable.","I need 2 usb-c cable, hold on, change that to 1."
cmd_0701,add,Greek yogurt,4,Add 4 Greek yogurt.,add 4 greek yogurt,"Oh, I almost forgot, please add 4 Greek yogurt.","Put 7 Greek yogurt in there... actually no, add 4 instead."
cmd_0702,remove,bananas,10,Remove 10 bananas.,remove 10 bananas,"Hey, I changed my mind, can you remove 10 bananas?","Put 11 bananas in there... actually no, remove 10 instead."
cmd_0703,update,fish flakes,6,Update fish flakes to 6.,update fish flaks to 6,"I was thinking, maybe update 6 fish flakes to the list.","Put 4 fish flakes in there... actually no, update 6 instead."
cmd_0704,add,frozen pizza,2,Add 2 frozen pizza.,add 2 frozen pizza pls,"So, uh, for the frozen pizza, let's add 2.","I need 4 frozen pizza, hold on, change that to 2."
cmd_0705,add,cheddar cheese,7,Add 7 cheddar cheese.,add 7 cheddar cheese,"So, uh, for the cheddar cheese, let's add 7.","I need 6 cheddar cheese, hold on, change that to 7."
cmd_0706,remove,conditioner,1,Remove 1 conditioner.,remove 1 conditioner pls,"Uhm, let me see... could you please remove 1 conditioner?","I need 3 conditioner, hold on, change that to 1."
cmd_0707,remove,t-shirt,4,Remove 4 t-shirt.,remove 4 t-shirt pls,"I was thinking, maybe remove 4 t-shirt to the list.","Remove t-shirt, let's say 3 of them... wait, double check that, just do 4."
cmd_0708,update,paper towels,3,Update paper towels to 3.,update pper twels to 3,"Hey, I changed my mind, can you update 3 paper towels?","Update 2 paper towels... wait, actually make it 3."
cmd_0709,remove,cat litter,8,Remove 8 cat litter.,remove 8 cat litter,"So, uh, for the cat litter, let's remove 8.","Remove 10 cat litter... wait, actually make it 8."
cmd_0710,remove,coffee beans,7,Remove 7 coffee beans.,remv 7 coffee beans pls,"Alright, so I also want to remove 7 coffee beans.","Remove 9 coffee beans... wait, actually make it 7."
cmd_0711,remove,tofu,9,Remove 9 tofu.,rmove 9 tofu rn,"Hey, I changed my mind, can you remove 9 tofu?","Put 11 tofu in there... actually no, remove 9 instead."
cmd_0712,add,wireless mouse,1,Add 1 wireless mouse.,add 1 wireless mouse,"I was thinking, maybe add 1 wireless mouse to the list.","Add wireless mouse, let's say 2 of them... wait, double check that, just do 1."
cmd_0713,remove,winter jacket,10,Remove 10 winter jacket.,rmve 10 wntr jacket,"I was thinking, maybe remove 10 winter jacket to the list.","I need 12 winter jacket, hold on, change that to 10."
cmd_0714,update,dark chocolate bar,7,Update dark chocolate bar to 7.,update dark chocolate bar to 7,"I was thinking, maybe update 7 dark chocolate bar to the list.","I need 6 dark chocolate bar, hold on, change that to 7."
cmd_0715,update,black pepper,3,Update black pepper to 3.,update black pepper to 3,"Alright, so I also want to update 3 black pepper.","Update 5 black pepper... wait, actually make it 3."
cmd_0716,update,wireless mouse,7,Update wireless mouse to 7.,updat wireless mouse to 7,"I was thinking, maybe update 7 wireless mouse to the list.","Update 5 wireless mouse... wait, actually make it 7."
cmd_0717,update,ground beef,6,Update ground beef to 6.,update ground beef to 6 pls,"Hey, I changed my mind, can you update 6 ground beef?","Update 8 ground beef... wait, actually make it 6."
cmd_0718,add,Greek yogurt,7,Add 7 Greek yogurt.,add 7 greek yogrt pls,"Hey, I changed my mind, can you add 7 Greek yogurt?","Add 10 Greek yogurt... wait, actually make it 7."
cmd_0719,remove,ground beef,4,Remove 4 ground beef.,remov 4 ground beef,"Oh, I almost forgot, please remove 4 ground beef.","Remove 3 ground beef... wait, actually make it 4."
cmd_0720,remove,apples,7,Remove 7 apples.,remove 7 apples pls,"So, uh, for the apples, let's remove 7.","Remove 5 apples... wait, actually make it 7."
cmd_0721,add,headphones,9,Add 9 headphones.,add 9 headphones rn,"Alright, so I also want to add 9 headphones.","I need 11 headphones, hold on, change that to 9."
cmd_0722,update,sugar,6,Update sugar to 6.,update sugar to 6,"Alright, so I also want to update 6 sugar.","Update 9 sugar... wait, actually make it 6."
cmd_0723,remove,laundry detergent,2,Remove 2 laundry detergent.,rmov 2 landry detergent rn,"Alright, so I also want to remove 2 laundry detergent.","Remove laundry detergent, let's say 5 of them... wait, double check that, just do 2."
cmd_0724,update,green tea,4,Update green tea to 4.,updt green tea to 4,"Hey, I changed my mind, can you update 4 green tea?","Update green tea, let's say 7 of them... wait, double check that, just do 4."
cmd_0725,remove,bird seed,10,Remove 10 bird seed.,remove 10 bird seed,"I was thinking, maybe remove 10 bird seed to the list.","Remove bird seed, let's say 8 of them... wait, double check that, just do 10."
cmd_0726,remove,tofu,4,Remove 4 tofu.,remove 4 tofu,"Uhm, let me see... could you please remove 4 tofu?","Remove tofu, let's say 3 of them... wait, double check that, just do 4."
cmd_0727,add,winter jacket,9,Add 9 winter jacket.,add 9 winter jacket,"Hey, I changed my mind, can you add 9 winter jacket?","Put 8 winter jacket in there... actually no, add 9 instead."
cmd_0728,update,body wash,2,Update body wash to 2.,updte body wash to 2,"I was thinking, maybe update 2 body wash to the list.","Put 4 body wash in there... actually no, update 2 instead."
cmd_0729,update,shampoo,8,Update shampoo to 8.,updt shampoo to 8,"I was thinking, maybe update 8 shampoo to the list.","Update shampoo, let's say 10 of them... wait, double check that, just do 8."
cmd_0730,add,laptop sleeve,5,Add 5 laptop sleeve.,add 5 lptp sleeve pls,"So, uh, for the laptop sleeve, let's add 5.","I need 4 laptop sleeve, hold on, change that to 5."
cmd_0731,remove,ground beef,1,Remove 1 ground beef.,remove 1 ground beef,"Hey, I changed my mind, can you remove 1 ground beef?","Put 4 ground beef in there... actually no, remove 1 instead."
cmd_0732,add,coffee beans,1,Add 1 coffee beans.,add 1 cffe beans rn,"I was thinking, maybe add 1 coffee beans to the list.","I need 3 coffee beans, hold on, change that to 1."
cmd_0733,remove,olive oil,2,Remove 2 olive oil.,remove 2 olive oil pls,"So, uh, for the olive oil, let's remove 2.","Remove 4 olive oil... wait, actually make it 2."
cmd_0734,remove,cheddar cheese,4,Remove 4 cheddar cheese.,remove 4 cheddar cheese,"Oh, I almost forgot, please remove 4 cheddar cheese.","Remove cheddar cheese, let's say 6 of them... wait, double check that, just do 4."
cmd_0735,remove,toothpaste,3,Remove 3 toothpaste.,remove 3 toothpaste,"Oh, I almost forgot, please remove 3 toothpaste.","Remove toothpaste, let's say 5 of them... wait, double check that, just do 3."
cmd_0736,add,balsamic vinegar,5,Add 5 balsamic vinegar.,add 5 balsamic vinegar pls,"So, uh, for the balsamic vinegar, let's add 5.","Add 8 balsamic vinegar... wait, actually make it 5."
cmd_0737,update,winter jacket,8,Update winter jacket to 8.,update winter jacket to 8 pls,"Oh, I almost forgot, please update 8 winter jacket.","Update 7 winter jacket... wait, actually make it 8."
cmd_0738,remove,cat litter,10,Remove 10 cat litter.,rmve 10 cat litter,"Uhm, let me see... could you please remove 10 cat litter?","I need 13 cat litter, hold on, change that to 10."
cmd_0739,update,sugar,3,Update sugar to 3.,update sugar to 3,"Hey, I changed my mind, can you update 3 sugar?","Update 5 sugar... wait, actually make it 3."
cmd_0740,remove,conditioner,7,Remove 7 conditioner.,remove 7 conditioner pls,"Uhm, let me see... could you please remove 7 conditioner?","Remove conditioner, let's say 5 of them... wait, double check that, just do 7."
cmd_0741,update,toothpaste,9,Update toothpaste to 9.,update toothpaste to 9 rn,"Umm, could you go ahead and update 9 toothpaste?","Update toothpaste, let's say 8 of them... wait, double check that, just do 9."
cmd_0742,remove,conditioner,7,Remove 7 conditioner.,remove 7 conditioner,"Umm, could you go ahead and remove 7 conditioner?","Remove conditioner, let's say 6 of them... wait, double check that, just do 7."
cmd_0743,update,avocado,7,Update avocado to 7.,update avocado to 7,"I was thinking, maybe update 7 avocado to the list.","Put 5 avocado in there... actually no, update 7 instead."
cmd_0744,update,orange juice,3,Update orange juice to 3.,update orange juice to 3 pls,"So, uh, for the orange juice, let's update 3.","Update 1 orange juice... wait, actually make it 3."
cmd_0745,add,olive oil,5,Add 5 olive oil.,add 5 olive oil pls,"So, uh, for the olive oil, let's add 5.","I need 3 olive oil, hold on, change that to 5."
cmd_0746,update,garlic,8,Update garlic to 8.,update garlic to 8,"I was thinking, maybe update 8 garlic to the list.","Put 6 garlic in there... actually no, update 8 instead."
cmd_0747,add,wireless mouse,3,Add 3 wireless mouse.,add 3 wireless mouse pls,"So, uh, for the wireless mouse, let's add 3.","Put 4 wireless mouse in there... actually no, add 3 instead."
cmd_0748,update,frozen pizza,7,Update frozen pizza to 7.,update frozen pizza to 7,"Umm, could you go ahead and update 7 frozen pizza?","Update 6 frozen pizza... wait, actually make it 7."
cmd_0749,update,cat litter,5,Update cat litter to 5.,update cat littr to 5 rn,"Oh, I almost forgot, please update 5 cat litter.","Update cat litter, let's say 7 of them... wait, double check that, just do 5."
cmd_0750,add,tofu,4,Add 4 tofu.,add 4 tfu,"So, uh, for the tofu, let's add 4.","Put 5 tofu in there... actually no, add 4 instead."
cmd_0751,add,socks,1,Add 1 socks.,add 1 socks,"Uhm, let me see... could you please add 1 socks?","I need 3 socks, hold on, change that to 1."
cmd_0752,update,tomato sauce,2,Update tomato sauce to 2.,update tomato sauce to 2 rn,"Oh, I almost forgot, please update 2 tomato sauce.","Put 4 tomato sauce in there... actually no, update 2 instead."
cmd_0753,remove,bird seed,9,Remove 9 bird seed.,remove 9 bird seed pls,"I was thinking, maybe remove 9 bird seed to the list.","Put 12 bird seed in there... actually no, remove 9 instead."
cmd_0754,update,eggs,3,Update eggs to 3.,update eggs to 3,"Hey, I changed my mind, can you update 3 eggs?","Update eggs, let's say 6 of them... wait, double check that, just do 3."
cmd_0755,update,black pepper,3,Update black pepper to 3.,update black pepper to 3,"Oh, I almost forgot, please update 3 black pepper.","I need 2 black pepper, hold on, change that to 3."
cmd_0756,update,apples,5,Update apples to 5.,update apples to 5,"Hey, I changed my mind, can you update 5 apples?","Update 8 apples... wait, actually make it 5."
cmd_0757,add,bird seed,5,Add 5 bird seed.,add 5 bird seed,"I was thinking, maybe add 5 bird seed to the list.","Add bird seed, let's say 4 of them... wait, double check that, just do 5."
cmd_0758,remove,olive oil,9,Remove 9 olive oil.,remove 9 olive oil,"I was thinking, maybe remove 9 olive oil to the list.","I need 12 olive oil, hold on, change that to 9."
cmd_0759,add,bird seed,9,Add 9 bird seed.,add 9 bird sd rn,"So, uh, for the bird seed, let's add 9.","I need 8 bird seed, hold on, change that to 9."
cmd_0760,add,sugar,8,Add 8 sugar.,add 8 sgar,"Uhm, let me see... could you please add 8 sugar?","I need 9 sugar, hold on, change that to 8."
cmd_0761,remove,jeans,5,Remove 5 jeans.,remove 5 jeans pls,"So, uh, for the jeans, let's remove 5.","Remove 8 jeans... wait, actually make it 5."
cmd_0762,remove,frozen pizza,8,Remove 8 frozen pizza.,remove 8 frozen pizza rn,"Alright, so I also want to remove 8 frozen pizza.","Put 10 frozen pizza in there... actually no, remove 8 instead."
cmd_0763,add,balsamic vinegar,9,Add 9 balsamic vinegar.,add 9 balsamic vnegar,"Hey, I changed my mind, can you add 9 balsamic vinegar?","I need 12 balsamic vinegar, hold on, change that to 9."
cmd_0764,add,salt,8,Add 8 salt.,add 8 salt,"Hey, I changed my mind, can you add 8 salt?","Put 6 salt in there... actually no, add 8 instead."
cmd_0765,remove,gluten-free bread,3,Remove 3 gluten-free bread.,remove 3 gluten-free bread rn,"Alright, so I also want to remove 3 gluten-free bread.","Remove gluten-free bread, let's say 5 of them... wait, double check that, just do 3."
cmd_0766,update,dog food,3,Update dog food to 3.,update dog food to 3,"Uhm, let me see... could you please update 3 dog food?","Update 1 dog food... wait, actually make it 3."
cmd_0767,add,cheddar cheese,6,Add 6 cheddar cheese.,add 6 cheddar cheese,"I was thinking, maybe add 6 cheddar cheese to the list.","Add cheddar cheese, let's say 4 of them... wait, double check that, just do 6."
cmd_0768,remove,jeans,5,Remove 5 jeans.,remove 5 jeans pls,"Umm, could you go ahead and remove 5 jeans?","Put 4 jeans in there... actually no, remove 5 instead."
cmd_0769,remove,pet treats,2,Remove 2 pet treats.,remove 2 pet treats pls,"I was thinking, maybe remove 2 pet treats to the list.","Put 4 pet treats in there... actually no, remove 2 instead."
cmd_0770,add,salmon fillet,3,Add 3 salmon fillet.,add 3 slmn fillet rn,"Uhm, let me see... could you please add 3 salmon fillet?","Add salmon fillet, let's say 5 of them... wait, double check that, just do 3."
cmd_0771,update,winter jacket,4,Update winter jacket to 4.,update winter jacket to 4,"Hey, I changed my mind, can you update 4 winter jacket?","Update 5 winter jacket... wait, actually make it 4."
cmd_0772,add,gluten-free bread,1,Add 1 gluten-free bread.,add 1 gluten-free bread rn,"Hey, I changed my mind, can you add 1 gluten-free bread?","Add gluten-free bread, let's say 2 of them... wait, double check that, just do 1."
cmd_0773,remove,laundry detergent,5,Remove 5 laundry detergent.,rmv 5 laundry detergent,"Umm, could you go ahead and remove 5 laundry detergent?","Put 6 laundry detergent in there... actually no, remove 5 instead."
cmd_0774,update,socks,4,Update socks to 4.,update socks to 4 pls,"I was thinking, maybe update 4 socks to the list.","Put 3 socks in there... actually no, update 4 instead."
cmd_0775,update,salt,2,Update salt to 2.,updte salt to 2 rn,"Hey, I changed my mind, can you update 2 salt?","I need 4 salt, hold on, change that to 2."
cmd_0776,update,dish soap,6,Update dish soap to 6.,update dish soap to 6,"Uhm, let me see... could you please update 6 dish soap?","I need 5 dish soap, hold on, change that to 6."
cmd_0777,update,eggs,5,Update eggs to 5.,updt eggs to 5,"Uhm, let me see... could you please update 5 eggs?","Update eggs, let's say 4 of them... wait, double check that, just do 5."
cmd_0778,update,trash bags,9,Update trash bags to 9.,update trash bags to 9 pls,"I was thinking, maybe update 9 trash bags to the list.","Update trash bags, let's say 7 of them... wait, double check that, just do 9."
cmd_0779,update,dog food,9,Update dog food to 9.,update dog food to 9 pls,"Umm, could you go ahead and update 9 dog food?","I need 8 dog food, hold on, change that to 9."
cmd_0780,add,shampoo,3,Add 3 shampoo.,add 3 shmpo rn,"Uhm, let me see... could you please add 3 shampoo?","I need 1 shampoo, hold on, change that to 3."
cmd_0781,update,tofu,6,Update tofu to 6.,update tofu to 6 pls,"Umm, could you go ahead and update 6 tofu?","I need 7 tofu, hold on, change that to 6."
cmd_0782,add,shampoo,1,Add 1 shampoo.,add 1 shampoo pls,"Uhm, let me see... could you please add 1 shampoo?","Add 4 shampoo... wait, actually make it 1."
cmd_0783,update,bird seed,7,Update bird seed to 7.,update bird seed to 7,"Hey, I changed my mind, can you update 7 bird seed?","Update bird seed, let's say 10 of them... wait, double check that, just do 7."
cmd_0784,add,salt,4,Add 4 salt.,add 4 salt,"Oh, I almost forgot, please add 4 salt.","Put 3 salt in there... actually no, add 4 instead."
cmd_0785,update,tomato sauce,3,Update tomato sauce to 3.,update tomato sauce to 3 pls,"I was thinking, maybe update 3 tomato sauce to the list.","Update 5 tomato sauce... wait, actually make it 3."
cmd_0786,update,balsamic vinegar,3,Update balsamic vinegar to 3.,update balsamic vinegar to 3,"I was thinking, maybe update 3 balsamic vinegar to the list.","Put 1 balsamic vinegar in there... actually no, update 3 instead."
cmd_0787,add,pet treats,2,Add 2 pet treats.,add 2 pet treats pls,"Oh, I almost forgot, please add 2 pet treats.","I need 4 pet treats, hold on, change that to 2."
cmd_0788,update,apples,4,Update apples to 4.,updt apples to 4 pls,"Umm, could you go ahead and update 4 apples?","Update 5 apples... wait, actually make it 4."
cmd_0789,add,gluten-free bread,2,Add 2 gluten-free bread.,add 2 gluten-free bread pls,"Hey, I changed my mind, can you add 2 gluten-free bread?","Put 4 gluten-free bread in there... actually no, add 2 instead."
cmd_0790,remove,trash bags,3,Remove 3 trash bags.,remove 3 trash bags,"Uhm, let me see... could you please remove 3 trash bags?","Put 5 trash bags in there... actually no, remove 3 instead."
cmd_0791,add,laptop sleeve,2,Add 2 laptop sleeve.,add 2 laptop sleeve pls,"Uhm, let me see... could you please add 2 laptop sleeve?","Put 5 laptop sleeve in there... actually no, add 2 instead."
cmd_0792,add,sugar,9,Add 9 sugar.,add 9 sugar,"Umm, could you go ahead and add 9 sugar?","I need 10 sugar, hold on, change that to 9."
cmd_0793,add,socks,8,Add 8 socks.,add 8 socks rn,"Uhm, let me see... could you please add 8 socks?","Put 7 socks in there... actually no, add 8 instead."
cmd_0794,remove,cheddar cheese,7,Remove 7 cheddar cheese.,remove 7 cheddar cheese pls,"Alright, so I also want to remove 7 cheddar cheese.","Put 8 cheddar cheese in there... actually no, remove 7 instead."
cmd_0795,add,paper towels,3,Add 3 paper towels.,add 3 paper towels,"Oh, I almost forgot, please add 3 paper towels.","Put 4 paper towels in there... actually no, add 3 instead."
cmd_0796,update,t-shirt,7,Update t-shirt to 7.,update t-shirt to 7,"Umm, could you go ahead and update 7 t-shirt?","Put 9 t-shirt in there... actually no, update 7 instead."
cmd_0797,update,apples,4,Update apples to 4.,update apples to 4 rn,"Uhm, let me see... could you please update 4 apples?","I need 2 apples, hold on, change that to 4."
cmd_0798,remove,pet treats,3,Remove 3 pet treats.,remove 3 pet treats rn,"Oh, I almost forgot, please remove 3 pet treats.","Remove 2 pet treats... wait, actually make it 3."
cmd_0799,update,eggs,2,Update eggs to 2.,update eggs to 2,"I was thinking, maybe update 2 eggs to the list.","Update 4 eggs... wait, actually make it 2."
cmd_0800,remove,tofu,3,Remove 3 tofu.,remove 3 tofu pls,"Hey, I changed my mind, can you remove 3 tofu?","Put 5 tofu in there... actually no, remove 3 instead."
cmd_0801,update,balsamic vinegar,5,Update balsamic vinegar to 5.,update balsamic vinegar to 5 pls,"Uhm, let me see... could you please update 5 balsamic vinegar?","Put 3 balsamic vinegar in there... actually no, update 5 instead."
cmd_0802,update,AA batteries,1,Update AA batteries to 1.,update aa batteries to 1 pls,"Umm, could you go ahead and update 1 AA batteries?","I need 4 AA batteries, hold on, change that to 1."
cmd_0803,update,laptop sleeve,7,Update laptop sleeve to 7.,update laptop slev to 7,"Umm, could you go ahead and update 7 laptop sleeve?","Update 10 laptop sleeve... wait, actually make it 7."
cmd_0804,update,black pepper,8,Update black pepper to 8.,update black pepper to 8 rn,"Uhm, let me see... could you please update 8 black pepper?","Update 6 black pepper... wait, actually make it 8."
cmd_0805,remove,tofu,6,Remove 6 tofu.,remve 6 tofu,"I was thinking, maybe remove 6 tofu to the list.","Put 4 tofu in there... actually no, remove 6 instead."
cmd_0806,remove,apples,10,Remove 10 apples.,remove 10 apples pls,"So, uh, for the apples, let's remove 10.","I need 8 apples, hold on, change that to 10."
cmd_0807,add,dish soap,5,Add 5 dish soap.,add 5 dish soap rn,"I was thinking, maybe add 5 dish soap to the list.","I need 3 dish soap, hold on, change that to 5."
cmd_0808,remove,bird seed,9,Remove 9 bird seed.,rmov 9 bird seed pls,"Hey, I changed my mind, can you remove 9 bird seed?","Remove 11 bird seed... wait, actually make it 9."
cmd_0809,update,apples,4,Update apples to 4.,update apples to 4 pls,"Umm, could you go ahead and update 4 apples?","I need 7 apples, hold on, change that to 4."
cmd_0810,remove,eggs,6,Remove 6 eggs.,remove 6 eggs pls,"I was thinking, maybe remove 6 eggs to the list.","Put 8 eggs in there... actually no, remove 6 instead."
cmd_0811,add,frozen pizza,10,Add 10 frozen pizza.,add 10 frozen pizza rn,"Oh, I almost forgot, please add 10 frozen pizza.","Add 11 frozen pizza... wait, actually make it 10."
cmd_0812,remove,bananas,8,Remove 8 bananas.,remove 8 bananas pls,"Oh, I almost forgot, please remove 8 bananas.","I need 10 bananas, hold on, change that to 8."
cmd_0813,remove,running shoes,8,Remove 8 running shoes.,remove 8 rnning shoes,"I was thinking, maybe remove 8 running shoes to the list.","Remove running shoes, let's say 7 of them... wait, double check that, just do 8."
cmd_0814,remove,olive oil,10,Remove 10 olive oil.,remove 10 olive oil pls,"I was thinking, maybe remove 10 olive oil to the list.","Remove 8 olive oil... wait, actually make it 10."
cmd_0815,update,t-shirt,9,Update t-shirt to 9.,updte t-shirt to 9 rn,"Alright, so I also want to update 9 t-shirt.","Update t-shirt, let's say 11 of them... wait, double check that, just do 9."
cmd_0816,add,apples,3,Add 3 apples.,add 3 apples rn,"So, uh, for the apples, let's add 3.","I need 1 apples, hold on, change that to 3."
cmd_0817,remove,tofu,8,Remove 8 tofu.,remove 8 tof rn,"Hey, I changed my mind, can you remove 8 tofu?","Remove 9 tofu... wait, actually make it 8."
cmd_0818,update,pet treats,7,Update pet treats to 7.,updt pet treats to 7,"So, uh, for the pet treats, let's update 7.","Update 6 pet treats... wait, actually make it 7."
cmd_0819,add,Greek yogurt,5,Add 5 Greek yogurt.,add 5 greek yogurt,"So, uh, for the Greek yogurt, let's add 5.","Add 4 Greek yogurt... wait, actually make it 5."
cmd_0820,add,sugar,6,Add 6 sugar.,add 6 sgar,"I was thinking, maybe add 6 sugar to the list.","I need 8 sugar, hold on, change that to 6."
cmd_0821,update,ground beef,7,Update ground beef to 7.,update ground beef to 7 rn,"I was thinking, maybe update 7 ground beef to the list.","Update 8 ground beef... wait, actually make it 7."
cmd_0822,add,black pepper,3,Add 3 black pepper.,add 3 black pepper pls,"I was thinking, maybe add 3 black pepper to the list.","Add black pepper, let's say 1 of them... wait, double check that, just do 3."
cmd_0823,add,shampoo,8,Add 8 shampoo.,add 8 shmpo,"Hey, I changed my mind, can you add 8 shampoo?","Put 9 shampoo in there... actually no, add 8 instead."
cmd_0824,add,toothbrush,10,Add 10 toothbrush.,add 10 toothbrush,"Oh, I almost forgot, please add 10 toothbrush.","Add toothbrush, let's say 8 of them... wait, double check that, just do 10."
cmd_0825,update,black pepper,7,Update black pepper to 7.,update black pepper to 7 pls,"Hey, I changed my mind, can you update 7 black pepper?","Update black pepper, let's say 9 of them... wait, double check that, just do 7."
cmd_0826,remove,usb-c cable,9,Remove 9 usb-c cable.,remove 9 usb-c cable,"So, uh, for the usb-c cable, let's remove 9.","Remove 12 usb-c cable... wait, actually make it 9."
cmd_0827,add,bananas,2,Add 2 bananas.,add 2 bananas,"Umm, could you go ahead and add 2 bananas?","Add bananas, let's say 4 of them... wait, double check that, just do 2."
cmd_0828,update,salmon fillet,1,Update salmon fillet to 1.,update salmon fillet to 1 pls,"Oh, I almost forgot, please update 1 salmon fillet.","Update 3 salmon fillet... wait, actually make it 1."
cmd_0829,remove,black pepper,7,Remove 7 black pepper.,remove 7 black pepper,"Umm, could you go ahead and remove 7 black pepper?","I need 8 black pepper, hold on, change that to 7."
cmd_0830,update,running shoes,5,Update running shoes to 5.,update running shoes to 5 rn,"Hey, I changed my mind, can you update 5 running shoes?","I need 6 running shoes, hold on, change that to 5."
cmd_0831,remove,AA batteries,10,Remove 10 AA batteries.,remove 10 aa bttrs pls,"I was thinking, maybe remove 10 AA batteries to the list.","Put 12 AA batteries in there... actually no, remove 10 instead."
cmd_0832,remove,paper towels,9,Remove 9 paper towels.,remve 9 paper towels,"Oh, I almost forgot, please remove 9 paper towels.","Put 12 paper towels in there... actually no, remove 9 instead."
cmd_0833,remove,headphones,2,Remove 2 headphones.,remv 2 headphones rn,"Alright, so I also want to remove 2 headphones.","Put 4 headphones in there... actually no, remove 2 instead."
cmd_0834,remove,shampoo,6,Remove 6 shampoo.,rmove 6 shampoo,"So, uh, for the shampoo, let's remove 6.","I need 4 shampoo, hold on, change that to 6."
cmd_0835,add,cheddar cheese,1,Add 1 cheddar cheese.,add 1 cheddr chese,"Oh, I almost forgot, please add 1 cheddar cheese.","Add cheddar cheese, let's say 3 of them... wait, double check that, just do 1."
cmd_0836,add,tomato sauce,1,Add 1 tomato sauce.,add 1 tomato sauce,"I was thinking, maybe add 1 tomato sauce to the list.","Put 3 tomato sauce in there... actually no, add 1 instead."
cmd_0837,add,winter jacket,1,Add 1 winter jacket.,add 1 winter jacket pls,"So, uh, for the winter jacket, let's add 1.","Add winter jacket, let's say 2 of them... wait, double check that, just do 1."
cmd_0838,update,tofu,9,Update tofu to 9.,updte tf to 9 pls,"So, uh, for the tofu, let's update 9.","Put 7 tofu in there... actually no, update 9 instead."
cmd_0839,add,paper towels,3,Add 3 paper towels.,add 3 paper towels,"So, uh, for the paper towels, let's add 3.","I need 6 paper towels, hold on, change that to 3."
cmd_0840,remove,bird seed,8,Remove 8 bird seed.,remove 8 bird seed pls,"Oh, I almost forgot, please remove 8 bird seed.","Remove bird seed, let's say 9 of them... wait, double check that, just do 8."
cmd_0841,add,salmon fillet,10,Add 10 salmon fillet.,add 10 salmon fillet,"I was thinking, maybe add 10 salmon fillet to the list.","I need 11 salmon fillet, hold on, change that to 10."
cmd_0842,update,bananas,10,Update bananas to 10.,update banns to 10 rn,"Alright, so I also want to update 10 bananas.","I need 11 bananas, hold on, change that to 10."
cmd_0843,remove,avocado,2,Remove 2 avocado.,remve 2 avocado,"Uhm, let me see... could you please remove 2 avocado?","I need 4 avocado, hold on, change that to 2."
cmd_0844,update,whole milk,6,Update whole milk to 6.,update whole milk to 6 pls,"Hey, I changed my mind, can you update 6 whole milk?","Put 9 whole milk in there... actually no, update 6 instead."
cmd_0845,add,chicken breast,5,Add 5 chicken breast.,add 5 chicken breast,"I was thinking, maybe add 5 chicken breast to the list.","I need 7 chicken breast, hold on, change that to 5."
cmd_0846,remove,wireless mouse,4,Remove 4 wireless mouse.,remove 4 wireless mouse rn,"Uhm, let me see... could you please remove 4 wireless mouse?","Remove 5 wireless mouse... wait, actually make it 4."
cmd_0847,update,ground beef,1,Update ground beef to 1.,update ground beef to 1 rn,"I was thinking, maybe update 1 ground beef to the list.","Update 3 ground beef... wait, actually make it 1."
cmd_0848,remove,bananas,7,Remove 7 bananas.,remove 7 bananas,"So, uh, for the bananas, let's remove 7.","Remove 9 bananas... wait, actually make it 7."
cmd_0849,remove,winter jacket,8,Remove 8 winter jacket.,remove 8 winter jacket rn,"Hey, I changed my mind, can you remove 8 winter jacket?","Remove 6 winter jacket... wait, actually make it 8."
cmd_0850,add,bananas,6,Add 6 bananas.,add 6 bananas pls,"I was thinking, maybe add 6 bananas to the list.","Add 7 bananas... wait, actually make it 6."
cmd_0851,update,dark chocolate bar,5,Update dark chocolate bar to 5.,update dark chocolate bar to 5,"Hey, I changed my mind, can you update 5 dark chocolate bar?","Update dark chocolate bar, let's say 8 of them... wait, double check that, just do 5."
cmd_0852,add,eggs,6,Add 6 eggs.,add 6 eggs,"Alright, so I also want to add 6 eggs.","Put 4 eggs in there... actually no, add 6 instead."
cmd_0853,update,pasta,8,Update pasta to 8.,update pasta to 8 pls,"So, uh, for the pasta, let's update 8.","I need 6 pasta, hold on, change that to 8."
cmd_0854,update,t-shirt,4,Update t-shirt to 4.,update t-shirt to 4,"Alright, so I also want to update 4 t-shirt.","I need 2 t-shirt, hold on, change that to 4."
cmd_0855,add,salmon fillet,9,Add 9 salmon fillet.,add 9 salmon fillet,"Uhm, let me see... could you please add 9 salmon fillet?","Put 8 salmon fillet in there... actually no, add 9 instead."
cmd_0856,remove,trash bags,8,Remove 8 trash bags.,remove 8 trash bags pls,"So, uh, for the trash bags, let's remove 8.","Remove 11 trash bags... wait, actually make it 8."
cmd_0857,add,black pepper,2,Add 2 black pepper.,add 2 black peppr rn,"Umm, could you go ahead and add 2 black pepper?","I need 4 black pepper, hold on, change that to 2."
cmd_0858,remove,headphones,3,Remove 3 headphones.,remove 3 headphones,"Uhm, let me see... could you please remove 3 headphones?","Remove headphones, let's say 5 of them... wait, double check that, just do 3."
cmd_0859,add,jeans,4,Add 4 jeans.,add 4 jeans,"I was thinking, maybe add 4 jeans to the list.","Put 2 jeans in there... actually no, add 4 instead."
cmd_0860,add,laptop sleeve,2,Add 2 laptop sleeve.,add 2 laptop sleev,"Uhm, let me see... could you please add 2 laptop sleeve?","I need 1 laptop sleeve, hold on, change that to 2."
cmd_0861,remove,headphones,3,Remove 3 headphones.,remove 3 headphones,"Uhm, let me see... could you please remove 3 headphones?","Remove headphones, let's say 2 of them... wait, double check that, just do 3."
cmd_0862,update,winter jacket,4,Update winter jacket to 4.,updte winter jacket to 4 rn,"So, uh, for the winter jacket, let's update 4.","Put 2 winter jacket in there... actually no, update 4 instead."
cmd_0863,update,fish flakes,1,Update fish flakes to 1.,update fish flakes to 1 pls,"Oh, I almost forgot, please update 1 fish flakes.","I need 3 fish flakes, hold on, change that to 1."
cmd_0864,add,balsamic vinegar,9,Add 9 balsamic vinegar.,add 9 balsmic vinegar rn,"Alright, so I also want to add 9 balsamic vinegar.","I need 10 balsamic vinegar, hold on, change that to 9."
cmd_0865,remove,whole milk,6,Remove 6 whole milk.,remove 6 whole milk,"Alright, so I also want to remove 6 whole milk.","I need 4 whole milk, hold on, change that to 6."
cmd_0866,update,balsamic vinegar,1,Update balsamic vinegar to 1.,update balsamic vinegar to 1,"Hey, I changed my mind, can you update 1 balsamic vinegar?","Put 3 balsamic vinegar in there... actually no, update 1 instead."
cmd_0867,remove,shampoo,2,Remove 2 shampoo.,remove 2 shampoo,"Umm, could you go ahead and remove 2 shampoo?","I need 1 shampoo, hold on, change that to 2."
cmd_0868,update,dish soap,6,Update dish soap to 6.,update dish soap to 6,"Umm, could you go ahead and update 6 dish soap?","Update dish soap, let's say 4 of them... wait, double check that, just do 6."
cmd_0869,remove,ground beef,6,Remove 6 ground beef.,remove 6 ground beef rn,"So, uh, for the ground beef, let's remove 6.","Put 9 ground beef in there... actually no, remove 6 instead."
cmd_0870,remove,tomato sauce,5,Remove 5 tomato sauce.,remove 5 tomato sauce pls,"Hey, I changed my mind, can you remove 5 tomato sauce?","I need 6 tomato sauce, hold on, change that to 5."
cmd_0871,update,toothpaste,9,Update toothpaste to 9.,update toothpaste to 9 pls,"Hey, I changed my mind, can you update 9 toothpaste?","Update toothpaste, let's say 7 of them... wait, double check that, just do 9."
cmd_0872,remove,t-shirt,7,Remove 7 t-shirt.,remove 7 t-shirt,"Umm, could you go ahead and remove 7 t-shirt?","I need 9 t-shirt, hold on, change that to 7."
cmd_0873,update,eggs,4,Update eggs to 4.,update eggs to 4 pls,"I was thinking, maybe update 4 eggs to the list.","Put 6 eggs in there... actually no, update 4 instead."
cmd_0874,remove,sugar,2,Remove 2 sugar.,remov 2 sugar,"Alright, so I also want to remove 2 sugar.","Remove 4 sugar... wait, actually make it 2."
cmd_0875,update,avocado,7,Update avocado to 7.,updat avocado to 7,"So, uh, for the avocado, let's update 7.","Update avocado, let's say 5 of them... wait, double check that, just do 7."
cmd_0876,add,coffee beans,1,Add 1 coffee beans.,add 1 coffee beans pls,"So, uh, for the coffee beans, let's add 1.","I need 3 coffee beans, hold on, change that to 1."
cmd_0877,update,bananas,5,Update bananas to 5.,update bananas to 5,"I was thinking, maybe update 5 bananas to the list.","Put 3 bananas in there... actually no, update 5 instead."
cmd_0878,update,cheddar cheese,9,Update cheddar cheese to 9.,update cheddar cheese to 9,"Uhm, let me see... could you please update 9 cheddar cheese?","Put 11 cheddar cheese in there... actually no, update 9 instead."
cmd_0879,add,Greek yogurt,1,Add 1 Greek yogurt.,add 1 greek yogurt pls,"Uhm, let me see... could you please add 1 Greek yogurt?","Add Greek yogurt, let's say 4 of them... wait, double check that, just do 1."
cmd_0880,remove,dark chocolate bar,2,Remove 2 dark chocolate bar.,remove 2 dark chocolate bar,"I was thinking, maybe remove 2 dark chocolate bar to the list.","Remove 5 dark chocolate bar... wait, actually make it 2."
cmd_0881,remove,cheddar cheese,1,Remove 1 cheddar cheese.,rmve 1 cheddar cheese pls,"I was thinking, maybe remove 1 cheddar cheese to the list.","Remove cheddar cheese, let's say 3 of them... wait, double check that, just do 1."
cmd_0882,remove,toothpaste,5,Remove 5 toothpaste.,remove 5 toothpaste rn,"So, uh, for the toothpaste, let's remove 5.","Remove toothpaste, let's say 3 of them... wait, double check that, just do 5."
cmd_0883,add,dish soap,3,Add 3 dish soap.,add 3 dish soap,"Umm, could you go ahead and add 3 dish soap?","I need 2 dish soap, hold on, change that to 3."
cmd_0884,update,balsamic vinegar,7,Update balsamic vinegar to 7.,update balsmc vinegar to 7,"Alright, so I also want to update 7 balsamic vinegar.","Update balsamic vinegar, let's say 5 of them... wait, double check that, just do 7."
cmd_0885,remove,pasta,10,Remove 10 pasta.,remove 10 pasta,"Hey, I changed my mind, can you remove 10 pasta?","I need 11 pasta, hold on, change that to 10."
cmd_0886,update,frozen pizza,7,Update frozen pizza to 7.,updat frozen pizza to 7 rn,"Oh, I almost forgot, please update 7 frozen pizza.","Update 6 frozen pizza... wait, actually make it 7."
cmd_0887,add,cat litter,7,Add 7 cat litter.,add 7 cat litter pls,"Oh, I almost forgot, please add 7 cat litter.","Add cat litter, let's say 5 of them... wait, double check that, just do 7."
cmd_0888,remove,tofu,1,Remove 1 tofu.,remove 1 tofu,"Umm, could you go ahead and remove 1 tofu?","Put 4 tofu in there... actually no, remove 1 instead."
cmd_0889,add,running shoes,8,Add 8 running shoes.,add 8 running shs pls,"Umm, could you go ahead and add 8 running shoes?","Add 6 running shoes... wait, actually make it 8."
cmd_0890,add,gluten-free bread,3,Add 3 gluten-free bread.,add 3 gluten-free bread pls,"Hey, I changed my mind, can you add 3 gluten-free bread?","Add gluten-free bread, let's say 6 of them... wait, double check that, just do 3."
cmd_0891,add,headphones,10,Add 10 headphones.,add 10 headphones,"Oh, I almost forgot, please add 10 headphones.","Add headphones, let's say 8 of them... wait, double check that, just do 10."
cmd_0892,remove,shampoo,7,Remove 7 shampoo.,remove 7 shmpoo pls,"Umm, could you go ahead and remove 7 shampoo?","Remove 8 shampoo... wait, actually make it 7."
cmd_0893,add,jeans,5,Add 5 jeans.,add 5 jeans pls,"So, uh, for the jeans, let's add 5.","Put 3 jeans in there... actually no, add 5 instead."
cmd_0894,update,frozen pizza,9,Update frozen pizza to 9.,update frozen pizza to 9,"I was thinking, maybe update 9 frozen pizza to the list.","Update 7 frozen pizza... wait, actually make it 9."
cmd_0895,remove,green tea,5,Remove 5 green tea.,remove 5 gren tea,"Uhm, let me see... could you please remove 5 green tea?","Remove green tea, let's say 4 of them... wait, double check that, just do 5."
cmd_0896,add,ground beef,10,Add 10 ground beef.,add 10 grnd beef rn,"Umm, could you go ahead and add 10 ground beef?","Put 12 ground beef in there... actually no, add 10 instead."
cmd_0897,remove,cat litter,1,Remove 1 cat litter.,remove 1 cat litter pls,"Uhm, let me see... could you please remove 1 cat litter?","Put 3 cat litter in there... actually no, remove 1 instead."
cmd_0898,update,tofu,7,Update tofu to 7.,update tofu to 7,"Alright, so I also want to update 7 tofu.","Put 9 tofu in there... actually no, update 7 instead."
cmd_0899,add,salt,2,Add 2 salt.,add 2 salt pls,"Alright, so I also want to add 2 salt.","Put 4 salt in there... actually no, add 2 instead."
cmd_0900,add,apples,10,Add 10 apples.,add 10 apples,"Uhm, let me see... could you please add 10 apples?","Put 8 apples in there... actually no, add 10 instead."
cmd_0901,add,Greek yogurt,1,Add 1 Greek yogurt.,add 1 grek yogurt pls,"Umm, could you go ahead and add 1 Greek yogurt?","Add Greek yogurt, let's say 3 of them... wait, double check that, just do 1."
cmd_0902,update,orange juice,2,Update orange juice to 2.,updte orange juice to 2,"So, uh, for the orange juice, let's update 2.","I need 5 orange juice, hold on, change that to 2."
cmd_0903,update,t-shirt,9,Update t-shirt to 9.,update t-shirt to 9,"Umm, could you go ahead and update 9 t-shirt?","I need 11 t-shirt, hold on, change that to 9."
cmd_0904,add,headphones,3,Add 3 headphones.,add 3 headphones rn,"I was thinking, maybe add 3 headphones to the list.","Add 2 headphones... wait, actually make it 3."
cmd_0905,add,body wash,8,Add 8 body wash.,add 8 body wash,"Uhm, let me see... could you please add 8 body wash?","I need 6 body wash, hold on, change that to 8."
cmd_0906,update,trash bags,8,Update trash bags to 8.,update trash bags to 8 rn,"Oh, I almost forgot, please update 8 trash bags.","Update 9 trash bags... wait, actually make it 8."
cmd_0907,update,fish flakes,6,Update fish flakes to 6.,update fish flakes to 6,"Alright, so I also want to update 6 fish flakes.","Update 8 fish flakes... wait, actually make it 6."
cmd_0908,add,chicken breast,7,Add 7 chicken breast.,add 7 chicken breast,"I was thinking, maybe add 7 chicken breast to the list.","I need 10 chicken breast, hold on, change that to 7."
cmd_0909,add,trash bags,8,Add 8 trash bags.,add 8 trash bags rn,"Hey, I changed my mind, can you add 8 trash bags?","I need 11 trash bags, hold on, change that to 8."
cmd_0910,remove,ground beef,7,Remove 7 ground beef.,remove 7 ground bef,"Alright, so I also want to remove 7 ground beef.","Remove 9 ground beef... wait, actually make it 7."
cmd_0911,remove,whole milk,8,Remove 8 whole milk.,remv 8 whole mlk,"Alright, so I also want to remove 8 whole milk.","I need 7 whole milk, hold on, change that to 8."
cmd_0912,remove,running shoes,8,Remove 8 running shoes.,rmov 8 runnng shoes rn,"I was thinking, maybe remove 8 running shoes to the list.","Remove 7 running shoes... wait, actually make it 8."
cmd_0913,update,running shoes,5,Update running shoes to 5.,updt running shoes to 5 pls,"Hey, I changed my mind, can you update 5 running shoes?","I need 6 running shoes, hold on, change that to 5."
cmd_0914,update,green tea,2,Update green tea to 2.,update green tea to 2,"I was thinking, maybe update 2 green tea to the list.","Update green tea, let's say 3 of them... wait, double check that, just do 2."
cmd_0915,remove,frozen pizza,1,Remove 1 frozen pizza.,remv 1 frozen pizza,"Umm, could you go ahead and remove 1 frozen pizza?","I need 4 frozen pizza, hold on, change that to 1."
cmd_0916,add,trash bags,10,Add 10 trash bags.,add 10 trash bags pls,"Uhm, let me see... could you please add 10 trash bags?","Add trash bags, let's say 9 of them... wait, double check that, just do 10."
cmd_0917,update,cat litter,2,Update cat litter to 2.,update cat littr to 2 rn,"Hey, I changed my mind, can you update 2 cat litter?","Put 3 cat litter in there... actually no, update 2 instead."
cmd_0918,remove,laptop sleeve,8,Remove 8 laptop sleeve.,remove 8 laptop sleeve,"Uhm, let me see... could you please remove 8 laptop sleeve?","Remove 9 laptop sleeve... wait, actually make it 8."
cmd_0919,remove,conditioner,8,Remove 8 conditioner.,remove 8 conditioner,"Hey, I changed my mind, can you remove 8 conditioner?","Put 11 conditioner in there... actually no, remove 8 instead."
cmd_0920,remove,toothbrush,10,Remove 10 toothbrush.,remove 10 toothbrush rn,"Alright, so I also want to remove 10 toothbrush.","Put 12 toothbrush in there... actually no, remove 10 instead."
cmd_0921,update,tomato sauce,4,Update tomato sauce to 4.,update tomato sauc to 4 pls,"Uhm, let me see... could you please update 4 tomato sauce?","Update 6 tomato sauce... wait, actually make it 4."
cmd_0922,update,AA batteries,2,Update AA batteries to 2.,updt aa batteries to 2 rn,"Oh, I almost forgot, please update 2 AA batteries.","Update 3 AA batteries... wait, actually make it 2."
cmd_0923,update,gluten-free bread,2,Update gluten-free bread to 2.,update gluten-free bread to 2 rn,"Alright, so I also want to update 2 gluten-free bread.","Put 1 gluten-free bread in there... actually no, update 2 instead."
cmd_0924,update,pet treats,10,Update pet treats to 10.,update pet trts to 10,"Umm, could you go ahead and update 10 pet treats?","I need 13 pet treats, hold on, change that to 10."
cmd_0925,add,laptop sleeve,5,Add 5 laptop sleeve.,add 5 laptop sleeve,"So, uh, for the laptop sleeve, let's add 5.","Add laptop sleeve, let's say 6 of them... wait, double check that, just do 5."
cmd_0926,remove,fish flakes,3,Remove 3 fish flakes.,remove 3 fish flakes,"So, uh, for the fish flakes, let's remove 3.","I need 6 fish flakes, hold on, change that to 3."
cmd_0927,add,dish soap,5,Add 5 dish soap.,add 5 dish soap pls,"So, uh, for the dish soap, let's add 5.","Add 8 dish soap... wait, actually make it 5."
cmd_0928,add,toothpaste,5,Add 5 toothpaste.,add 5 toothpaste rn,"Uhm, let me see... could you please add 5 toothpaste?","Put 8 toothpaste in there... actually no, add 5 instead."
cmd_0929,add,tomato sauce,1,Add 1 tomato sauce.,add 1 tomato sauce rn,"Alright, so I also want to add 1 tomato sauce.","Add 2 tomato sauce... wait, actually make it 1."
cmd_0930,update,dog food,2,Update dog food to 2.,update dog food to 2 rn,"So, uh, for the dog food, let's update 2.","Put 4 dog food in there... actually no, update 2 instead."
cmd_0931,update,Greek yogurt,6,Update Greek yogurt to 6.,update greek yogurt to 6 rn,"Uhm, let me see... could you please update 6 Greek yogurt?","I need 9 Greek yogurt, hold on, change that to 6."
cmd_0932,add,chicken breast,1,Add 1 chicken breast.,add 1 chicken breast rn,"Hey, I changed my mind, can you add 1 chicken breast?","Add chicken breast, let's say 2 of them... wait, double check that, just do 1."
cmd_0933,add,tomato sauce,3,Add 3 tomato sauce.,add 3 tmt sauce pls,"Uhm, let me see... could you please add 3 tomato sauce?","Put 5 tomato sauce in there... actually no, add 3 instead."
cmd_0934,update,usb-c cable,1,Update usb-c cable to 1.,update usb-c cable to 1,"Hey, I changed my mind, can you update 1 usb-c cable?","Put 2 usb-c cable in there... actually no, update 1 instead."
cmd_0935,remove,toothpaste,8,Remove 8 toothpaste.,remove 8 toothpaste rn,"Hey, I changed my mind, can you remove 8 toothpaste?","I need 6 toothpaste, hold on, change that to 8."
cmd_0936,remove,salt,6,Remove 6 salt.,remove 6 slt,"Alright, so I also want to remove 6 salt.","Remove salt, let's say 5 of them... wait, double check that, just do 6."
cmd_0937,remove,tofu,7,Remove 7 tofu.,remove 7 tofu pls,"Oh, I almost forgot, please remove 7 tofu.","Remove 9 tofu... wait, actually make it 7."
cmd_0938,update,pet treats,6,Update pet treats to 6.,update pet treats to 6 rn,"I was thinking, maybe update 6 pet treats to the list.","I need 5 pet treats, hold on, change that to 6."
cmd_0939,update,gluten-free bread,5,Update gluten-free bread to 5.,update gluten-free bread to 5 pls,"Umm, could you go ahead and update 5 gluten-free bread?","I need 8 gluten-free bread, hold on, change that to 5."
cmd_0940,add,tofu,9,Add 9 tofu.,add 9 tofu pls,"I was thinking, maybe add 9 tofu to the list.","I need 10 tofu, hold on, change that to 9."
cmd_0941,update,Greek yogurt,1,Update Greek yogurt to 1.,update greek yogrt to 1,"So, uh, for the Greek yogurt, let's update 1.","Put 3 Greek yogurt in there... actually no, update 1 instead."
cmd_0942,update,cat litter,4,Update cat litter to 4.,update cat ltter to 4 pls,"So, uh, for the cat litter, let's update 4.","Put 2 cat litter in there... actually no, update 4 instead."
cmd_0943,update,pet treats,4,Update pet treats to 4.,updt pet treats to 4 rn,"Umm, could you go ahead and update 4 pet treats?","Update 6 pet treats... wait, actually make it 4."
cmd_0944,add,bird seed,9,Add 9 bird seed.,add 9 bird seed pls,"Umm, could you go ahead and add 9 bird seed?","I need 10 bird seed, hold on, change that to 9."
cmd_0945,remove,olive oil,1,Remove 1 olive oil.,remove 1 lve oil pls,"Alright, so I also want to remove 1 olive oil.","I need 4 olive oil, hold on, change that to 1."
cmd_0946,remove,jeans,9,Remove 9 jeans.,remove 9 jeans,"Oh, I almost forgot, please remove 9 jeans.","Remove 12 jeans... wait, actually make it 9."
cmd_0947,remove,laptop sleeve,10,Remove 10 laptop sleeve.,remove 10 laptop sleeve,"So, uh, for the laptop sleeve, let's remove 10.","Remove 9 laptop sleeve... wait, actually make it 10."
cmd_0948,add,chicken breast,3,Add 3 chicken breast.,add 3 chicken brest,"Oh, I almost forgot, please add 3 chicken breast.","Add 2 chicken breast... wait, actually make it 3."
cmd_0949,remove,running shoes,7,Remove 7 running shoes.,remove 7 runnng shoes pls,"I was thinking, maybe remove 7 running shoes to the list.","Remove running shoes, let's say 6 of them... wait, double check that, just do 7."
cmd_0950,update,tomato sauce,6,Update tomato sauce to 6.,update tomato sauce to 6,"Uhm, let me see... could you please update 6 tomato sauce?","Update 8 tomato sauce... wait, actually make it 6."
cmd_0951,remove,eggs,1,Remove 1 eggs.,rmove 1 eggs pls,"Oh, I almost forgot, please remove 1 eggs.","Remove eggs, let's say 4 of them... wait, double check that, just do 1."
cmd_0952,add,bird seed,9,Add 9 bird seed.,add 9 brd seed rn,"So, uh, for the bird seed, let's add 9.","I need 12 bird seed, hold on, change that to 9."
cmd_0953,update,conditioner,3,Update conditioner to 3.,updte conditioner to 3 pls,"Alright, so I also want to update 3 conditioner.","I need 2 conditioner, hold on, change that to 3."
cmd_0954,update,cat litter,3,Update cat litter to 3.,updte cat littr to 3 pls,"Uhm, let me see... could you please update 3 cat litter?","Update cat litter, let's say 6 of them... wait, double check that, just do 3."
cmd_0955,remove,bananas,1,Remove 1 bananas.,remove 1 bnnas pls,"Hey, I changed my mind, can you remove 1 bananas?","I need 2 bananas, hold on, change that to 1."
cmd_0956,remove,salmon fillet,5,Remove 5 salmon fillet.,remove 5 salmon fillet rn,"Umm, could you go ahead and remove 5 salmon fillet?","Remove 4 salmon fillet... wait, actually make it 5."
cmd_0957,update,headphones,5,Update headphones to 5.,updte headphones to 5,"Umm, could you go ahead and update 5 headphones?","Update headphones, let's say 6 of them... wait, double check that, just do 5."
cmd_0958,add,AA batteries,1,Add 1 AA batteries.,add 1 aa batteries pls,"Hey, I changed my mind, can you add 1 AA batteries?","Add 3 AA batteries... wait, actually make it 1."
cmd_0959,remove,Greek yogurt,1,Remove 1 Greek yogurt.,rmove 1 greek yogurt,"I was thinking, maybe remove 1 Greek yogurt to the list.","I need 3 Greek yogurt, hold on, change that to 1."
cmd_0960,remove,balsamic vinegar,6,Remove 6 balsamic vinegar.,remove 6 balsamic vinegar,"I was thinking, maybe remove 6 balsamic vinegar to the list.","Remove balsamic vinegar, let's say 5 of them... wait, double check that, just do 6."
cmd_0961,update,salt,8,Update salt to 8.,update salt to 8 rn,"Oh, I almost forgot, please update 8 salt.","Update salt, let's say 9 of them... wait, double check that, just do 8."
cmd_0962,update,dish soap,7,Update dish soap to 7.,update dish soap to 7 pls,"I was thinking, maybe update 7 dish soap to the list.","Put 5 dish soap in there... actually no, update 7 instead."
cmd_0963,remove,sponge,9,Remove 9 sponge.,rmov 9 sponge pls,"So, uh, for the sponge, let's remove 9.","I need 7 sponge, hold on, change that to 9."
cmd_0964,update,pasta,7,Update pasta to 7.,updte pasta to 7,"Umm, could you go ahead and update 7 pasta?","Update pasta, let's say 9 of them... wait, double check that, just do 7."
cmd_0965,add,pasta,9,Add 9 pasta.,add 9 psta,"Hey, I changed my mind, can you add 9 pasta?","Add pasta, let's say 7 of them... wait, double check that, just do 9."
cmd_0966,add,dark chocolate bar,8,Add 8 dark chocolate bar.,add 8 drk chocolate br pls,"Oh, I almost forgot, please add 8 dark chocolate bar.","Put 9 dark chocolate bar in there... actually no, add 8 instead."
cmd_0967,update,cat litter,6,Update cat litter to 6.,update cat litter to 6 pls,"Oh, I almost forgot, please update 6 cat litter.","Put 9 cat litter in there... actually no, update 6 instead."
cmd_0968,update,socks,2,Update socks to 2.,updat socks to 2,"So, uh, for the socks, let's update 2.","I need 3 socks, hold on, change that to 2."
cmd_0969,add,laundry detergent,8,Add 8 laundry detergent.,add 8 laundry detergent pls,"Uhm, let me see... could you please add 8 laundry detergent?","Add 7 laundry detergent... wait, actually make it 8."
cmd_0970,add,paper towels,10,Add 10 paper towels.,add 10 papr towels,"So, uh, for the paper towels, let's add 10.","Put 9 paper towels in there... actually no, add 10 instead."
cmd_0971,remove,dark chocolate bar,7,Remove 7 dark chocolate bar.,remove 7 dark chocolate br pls,"So, uh, for the dark chocolate bar, let's remove 7.","Remove dark chocolate bar, let's say 8 of them... wait, double check that, just do 7."
cmd_0972,remove,apples,8,Remove 8 apples.,remove 8 apples,"I was thinking, maybe remove 8 apples to the list.","Remove 7 apples... wait, actually make it 8."
cmd_0973,update,trash bags,3,Update trash bags to 3.,update trash bags to 3 rn,"I was thinking, maybe update 3 trash bags to the list.","I need 6 trash bags, hold on, change that to 3."
cmd_0974,add,olive oil,4,Add 4 olive oil.,add 4 olve il,"Uhm, let me see... could you please add 4 olive oil?","Add 5 olive oil... wait, actually make it 4."
cmd_0975,update,dish soap,1,Update dish soap to 1.,update dish soap to 1,"Umm, could you go ahead and update 1 dish soap?","Update dish soap, let's say 4 of them... wait, double check that, just do 1."
cmd_0976,update,coffee beans,8,Update coffee beans to 8.,update coffee beans to 8,"Hey, I changed my mind, can you update 8 coffee beans?","Update 11 coffee beans... wait, actually make it 8."
cmd_0977,remove,sugar,5,Remove 5 sugar.,remove 5 sgr,"Umm, could you go ahead and remove 5 sugar?","Put 4 sugar in there... actually no, remove 5 instead."
cmd_0978,add,toothpaste,6,Add 6 toothpaste.,add 6 tothpaste,"Hey, I changed my mind, can you add 6 toothpaste?","I need 5 toothpaste, hold on, change that to 6."
cmd_0979,remove,apples,3,Remove 3 apples.,remove 3 appls,"Alright, so I also want to remove 3 apples.","I need 2 apples, hold on, change that to 3."
cmd_0980,add,pasta,9,Add 9 pasta.,add 9 pasta,"I was thinking, maybe add 9 pasta to the list.","Add 8 pasta... wait, actually make it 9."
cmd_0981,remove,eggs,6,Remove 6 eggs.,remove 6 eggs,"I was thinking, maybe remove 6 eggs to the list.","Remove eggs, let's say 8 of them... wait, double check that, just do 6."
cmd_0982,update,Greek yogurt,6,Update Greek yogurt to 6.,update greek yogurt to 6,"So, uh, for the Greek yogurt, let's update 6.","Update 9 Greek yogurt... wait, actually make it 6."
cmd_0983,update,tofu,7,Update tofu to 7.,update tofu to 7 pls,"Alright, so I also want to update 7 tofu.","I need 5 tofu, hold on, change that to 7."
cmd_0984,remove,conditioner,3,Remove 3 conditioner.,remove 3 conditioner rn,"Alright, so I also want to remove 3 conditioner.","Put 2 conditioner in there... actually no, remove 3 instead."
cmd_0985,remove,toothbrush,9,Remove 9 toothbrush.,remove 9 tothbrsh rn,"So, uh, for the toothbrush, let's remove 9.","Remove toothbrush, let's say 8 of them... wait, double check that, just do 9."
cmd_0986,update,black pepper,1,Update black pepper to 1.,update black pepper to 1 pls,"I was thinking, maybe update 1 black pepper to the list.","Update black pepper, let's say 3 of them... wait, double check that, just do 1."
cmd_0987,update,sponge,8,Update sponge to 8.,update sponge to 8 pls,"Alright, so I also want to update 8 sponge.","Update sponge, let's say 11 of them... wait, double check that, just do 8."
cmd_0988,update,apples,3,Update apples to 3.,updt apples to 3,"Alright, so I also want to update 3 apples.","Update 4 apples... wait, actually make it 3."
cmd_0989,add,tomato sauce,8,Add 8 tomato sauce.,add 8 tomato sauce rn,"Oh, I almost forgot, please add 8 tomato sauce.","I need 6 tomato sauce, hold on, change that to 8."
cmd_0990,add,jeans,6,Add 6 jeans.,add 6 jeans pls,"Uhm, let me see... could you please add 6 jeans?","Add 7 jeans... wait, actually make it 6."
cmd_0991,update,bird seed,7,Update bird seed to 7.,update bird seed to 7 pls,"Alright, so I also want to update 7 bird seed.","Put 10 bird seed in there... actually no, update 7 instead."
cmd_0992,update,balsamic vinegar,10,Update balsamic vinegar to 10.,update balsamc vinegar to 10 rn,"I was thinking, maybe update 10 balsamic vinegar to the list.","Update balsamic vinegar, let's say 11 of them... wait, double check that, just do 10."
cmd_0993,remove,avocado,3,Remove 3 avocado.,remove 3 avocado,"Alright, so I also want to remove 3 avocado.","Put 1 avocado in there... actually no, remove 3 instead."
cmd_0994,update,running shoes,5,Update running shoes to 5.,update running shoes to 5 rn,"Alright, so I also want to update 5 running shoes.","Put 6 running shoes in there... actually no, update 5 instead."
cmd_0995,remove,olive oil,1,Remove 1 olive oil.,remove 1 olive oil rn,"Alright, so I also want to remove 1 olive oil.","I need 3 olive oil, hold on, change that to 1."
cmd_0996,remove,black pepper,10,Remove 10 black pepper.,remove 10 black pepper pls,"Umm, could you go ahead and remove 10 black pepper?","Remove black pepper, let's say 11 of them... wait, double check that, just do 10."
cmd_0997,update,green tea,10,Update green tea to 10.,update green tea to 10,"Alright, so I also want to update 10 green tea.","Put 12 green tea in there... actually no, update 10 instead."
cmd_0998,update,body wash,3,Update body wash to 3.,update body wsh to 3,"Hey, I changed my mind, can you update 3 body wash?","I need 6 body wash, hold on, change that to 3."
cmd_0999,remove,jeans,6,Remove 6 jeans.,remove 6 jns,"Oh, I almost forgot, please remove 6 jeans.","I need 4 jeans, hold on, change that to 6."
cmd_1000,update,bird seed,8,Update bird seed to 8.,update bird seed to 8 pls,"Alright, so I also want to update 8 bird seed.","Put 7 bird seed in there... actually no, update 8 instead."
cmd_1001,add,ground beef,5,Add 5 ground beef.,add 5 ground beef,"Oh, I almost forgot, please add 5 ground beef.","Add ground beef, let's say 4 of them... wait, double check that, just do 5."
cmd_1002,update,socks,6,Update socks to 6.,update socks to 6,"Umm, could you go ahead and update 6 socks?","Update socks, let's say 9 of them... wait, double check that, just do 6."
cmd_1003,add,coffee beans,8,Add 8 coffee beans.,add 8 coffee bans pls,"Oh, I almost forgot, please add 8 coffee beans.","Add coffee beans, let's say 9 of them... wait, double check that, just do 8."
cmd_1004,update,usb-c cable,2,Update usb-c cable to 2.,update usb-c cable to 2 rn,"Umm, could you go ahead and update 2 usb-c cable?","Update 5 usb-c cable... wait, actually make it 2."
cmd_1005,update,ground beef,7,Update ground beef to 7.,update ground beef to 7 pls,"So, uh, for the ground beef, let's update 7.","Update ground beef, let's say 5 of them... wait, double check that, just do 7."
cmd_1006,update,olive oil,4,Update olive oil to 4.,update olve oil to 4 pls,"Uhm, let me see... could you please update 4 olive oil?","Update olive oil, let's say 3 of them... wait, double check that, just do 4."
cmd_1007,remove,t-shirt,10,Remove 10 t-shirt.,remove 10 t-shirt,"Oh, I almost forgot, please remove 10 t-shirt.","Put 11 t-shirt in there... actually no, remove 10 instead."
cmd_1008,add,black pepper,2,Add 2 black pepper.,add 2 black pepper,"Uhm, let me see... could you please add 2 black pepper?","I need 4 black pepper, hold on, change that to 2."
cmd_1009,update,garlic,2,Update garlic to 2.,update garlic to 2,"Uhm, let me see... could you please update 2 garlic?","Update garlic, let's say 3 of them... wait, double check that, just do 2."
cmd_1010,update,pet treats,1,Update pet treats to 1.,update pet treats to 1 pls,"Hey, I changed my mind, can you update 1 pet treats?","Update 2 pet treats... wait, actually make it 1."
cmd_1011,update,AA batteries,6,Update AA batteries to 6.,update aa batteries to 6 pls,"I was thinking, maybe update 6 AA batteries to the list.","Update AA batteries, let's say 4 of them... wait, double check that, just do 6."
cmd_1012,update,tomato sauce,4,Update tomato sauce to 4.,update tomato sauce to 4 pls,"So, uh, for the tomato sauce, let's update 4.","Update 7 tomato sauce... wait, actually make it 4."
cmd_1013,add,cheddar cheese,9,Add 9 cheddar cheese.,add 9 cheddar cheese pls,"I was thinking, maybe add 9 cheddar cheese to the list.","I need 8 cheddar cheese, hold on, change that to 9."
cmd_1014,remove,dog food,8,Remove 8 dog food.,remove 8 dog fd pls,"Hey, I changed my mind, can you remove 8 dog food?","Put 6 dog food in there... actually no, remove 8 instead."
cmd_1015,update,winter jacket,3,Update winter jacket to 3.,update winter jacket to 3,"Hey, I changed my mind, can you update 3 winter jacket?","Put 4 winter jacket in there... actually no, update 3 instead."
cmd_1016,update,olive oil,6,Update olive oil to 6.,update olive oil to 6,"Alright, so I also want to update 6 olive oil.","Update 4 olive oil... wait, actually make it 6."
cmd_1017,remove,laptop sleeve,5,Remove 5 laptop sleeve.,remove 5 laptop sleeve pls,"Hey, I changed my mind, can you remove 5 laptop sleeve?","Remove laptop sleeve, let's say 6 of them... wait, double check that, just do 5."
cmd_1018,remove,ground beef,1,Remove 1 ground beef.,remove 1 ground beef pls,"Hey, I changed my mind, can you remove 1 ground beef?","Remove 2 ground beef... wait, actually make it 1."
cmd_1019,remove,shampoo,2,Remove 2 shampoo.,remove 2 shampoo,"Umm, could you go ahead and remove 2 shampoo?","Remove 4 shampoo... wait, actually make it 2."
cmd_1020,remove,ground beef,9,Remove 9 ground beef.,remove 9 ground beef rn,"I was thinking, maybe remove 9 ground beef to the list.","Put 11 ground beef in there... actually no, remove 9 instead."
cmd_1021,add,tofu,5,Add 5 tofu.,add 5 tfu,"Uhm, let me see... could you please add 5 tofu?","Put 4 tofu in there... actually no, add 5 instead."
cmd_1022,add,salmon fillet,10,Add 10 salmon fillet.,add 10 salmon fllet,"Alright, so I also want to add 10 salmon fillet.","Add 9 salmon fillet... wait, actually make it 10."
cmd_1023,update,salmon fillet,4,Update salmon fillet to 4.,update salmon fillt to 4,"I was thinking, maybe update 4 salmon fillet to the list.","Update salmon fillet, let's say 7 of them... wait, double check that, just do 4."
cmd_1024,add,running shoes,7,Add 7 running shoes.,add 7 rnnng shoes pls,"Oh, I almost forgot, please add 7 running shoes.","Put 10 running shoes in there... actually no, add 7 instead."
cmd_1025,remove,socks,9,Remove 9 socks.,remove 9 scks pls,"Uhm, let me see... could you please remove 9 socks?","Remove socks, let's say 10 of them... wait, double check that, just do 9."
cmd_1026,remove,AA batteries,3,Remove 3 AA batteries.,remov 3 aa batteries pls,"Oh, I almost forgot, please remove 3 AA batteries.","Put 1 AA batteries in there... actually no, remove 3 instead."
cmd_1027,add,winter jacket,9,Add 9 winter jacket.,add 9 winter jacket rn,"I was thinking, maybe add 9 winter jacket to the list.","I need 8 winter jacket, hold on, change that to 9."
cmd_1028,add,wireless mouse,7,Add 7 wireless mouse.,add 7 wireless ms,"So, uh, for the wireless mouse, let's add 7.","I need 6 wireless mouse, hold on, change that to 7."
cmd_1029,remove,winter jacket,6,Remove 6 winter jacket.,remov 6 winter jacket,"Alright, so I also want to remove 6 winter jacket.","Remove winter jacket, let's say 4 of them... wait, double check that, just do 6."
cmd_1030,remove,conditioner,3,Remove 3 conditioner.,remove 3 cnditoner,"So, uh, for the conditioner, let's remove 3.","Put 6 conditioner in there... actually no, remove 3 instead."
cmd_1031,add,frozen pizza,9,Add 9 frozen pizza.,add 9 frozn pizza,"Uhm, let me see... could you please add 9 frozen pizza?","Add frozen pizza, let's say 11 of them... wait, double check that, just do 9."
cmd_1032,add,socks,10,Add 10 socks.,add 10 socks,"So, uh, for the socks, let's add 10.","Add socks, let's say 8 of them... wait, double check that, just do 10."
cmd_1033,add,bird seed,2,Add 2 bird seed.,add 2 bird seed pls,"Uhm, let me see... could you please add 2 bird seed?","Put 4 bird seed in there... actually no, add 2 instead."
cmd_1034,remove,ground beef,9,Remove 9 ground beef.,remove 9 ground beef pls,"Oh, I almost forgot, please remove 9 ground beef.","I need 7 ground beef, hold on, change that to 9."
cmd_1035,remove,pet treats,8,Remove 8 pet treats.,remove 8 pet treats rn,"I was thinking, maybe remove 8 pet treats to the list.","I need 9 pet treats, hold on, change that to 8."
cmd_1036,update,bird seed,1,Update bird seed to 1.,updte bird seed to 1,"Umm, could you go ahead and update 1 bird seed?","Update 3 bird seed... wait, actually make it 1."
cmd_1037,update,paper towels,9,Update paper towels to 9.,update paper towels to 9,"Umm, could you go ahead and update 9 paper towels?","Update 8 paper towels... wait, actually make it 9."
cmd_1038,update,black pepper,10,Update black pepper to 10.,update black pepper to 10,"Hey, I changed my mind, can you update 10 black pepper?","Update 11 black pepper... wait, actually make it 10."
cmd_1039,add,conditioner,10,Add 10 conditioner.,add 10 conditioner,"Uhm, let me see... could you please add 10 conditioner?","I need 12 conditioner, hold on, change that to 10."
cmd_1040,add,frozen pizza,7,Add 7 frozen pizza.,add 7 frozen pizza pls,"I was thinking, maybe add 7 frozen pizza to the list.","Add frozen pizza, let's say 8 of them... wait, double check that, just do 7."
cmd_1041,update,toothpaste,4,Update toothpaste to 4.,update toothpaste to 4 rn,"Oh, I almost forgot, please update 4 toothpaste.","Put 3 toothpaste in there... actually no, update 4 instead."
cmd_1042,remove,usb-c cable,2,Remove 2 usb-c cable.,rmv 2 usb-c cable rn,"Hey, I changed my mind, can you remove 2 usb-c cable?","I need 1 usb-c cable, hold on, change that to 2."
cmd_1043,add,sugar,5,Add 5 sugar.,add 5 sugar pls,"Alright, so I also want to add 5 sugar.","Add sugar, let's say 3 of them... wait, double check that, just do 5."
cmd_1044,add,salt,4,Add 4 salt.,add 4 salt pls,"Alright, so I also want to add 4 salt.","Add 7 salt... wait, actually make it 4."
cmd_1045,add,usb-c cable,9,Add 9 usb-c cable.,add 9 sb-c cabl,"Hey, I changed my mind, can you add 9 usb-c cable?","Add 8 usb-c cable... wait, actually make it 9."
cmd_1046,update,sponge,8,Update sponge to 8.,update sponge to 8,"So, uh, for the sponge, let's update 8.","Update sponge, let's say 6 of them... wait, double check that, just do 8."
cmd_1047,update,winter jacket,4,Update winter jacket to 4.,update wnter jacket to 4,"Hey, I changed my mind, can you update 4 winter jacket?","Put 3 winter jacket in there... actually no, update 4 instead."
cmd_1048,update,whole milk,3,Update whole milk to 3.,update whole milk to 3 pls,"Umm, could you go ahead and update 3 whole milk?","Put 5 whole milk in there... actually no, update 3 instead."
cmd_1049,remove,usb-c cable,3,Remove 3 usb-c cable.,remove 3 usb-c cable pls,"Uhm, let me see... could you please remove 3 usb-c cable?","Remove 2 usb-c cable... wait, actually make it 3."
cmd_1050,remove,headphones,5,Remove 5 headphones.,remove 5 headphones rn,"Uhm, let me see... could you please remove 5 headphones?","Remove 6 headphones... wait, actually make it 5."
cmd_1051,remove,gluten-free bread,3,Remove 3 gluten-free bread.,remove 3 gluten-free bread rn,"Uhm, let me see... could you please remove 3 gluten-free bread?","Put 4 gluten-free bread in there... actually no, remove 3 instead."
cmd_1052,add,green tea,2,Add 2 green tea.,add 2 green tea rn,"Umm, could you go ahead and add 2 green tea?","I need 4 green tea, hold on, change that to 2."
cmd_1053,remove,pasta,5,Remove 5 pasta.,rmov 5 pasta,"Hey, I changed my mind, can you remove 5 pasta?","Put 4 pasta in there... actually no, remove 5 instead."
cmd_1054,update,eggs,3,Update eggs to 3.,update eggs to 3 pls,"Hey, I changed my mind, can you update 3 eggs?","Put 4 eggs in there... actually no, update 3 instead."
cmd_1055,update,toothpaste,5,Update toothpaste to 5.,update toothpaste to 5,"Oh, I almost forgot, please update 5 toothpaste.","I need 4 toothpaste, hold on, change that to 5."
cmd_1056,remove,sponge,3,Remove 3 sponge.,remove 3 spnge pls,"Hey, I changed my mind, can you remove 3 sponge?","Remove 2 sponge... wait, actually make it 3."
cmd_1057,add,shampoo,1,Add 1 shampoo.,add 1 shampoo pls,"Alright, so I also want to add 1 shampoo.","I need 3 shampoo, hold on, change that to 1."
cmd_1058,add,shampoo,10,Add 10 shampoo.,add 10 shampoo pls,"Alright, so I also want to add 10 shampoo.","I need 8 shampoo, hold on, change that to 10."
cmd_1059,update,pet treats,9,Update pet treats to 9.,update pet treats to 9,"I was thinking, maybe update 9 pet treats to the list.","I need 7 pet treats, hold on, change that to 9."
cmd_1060,update,running shoes,2,Update running shoes to 2.,update running shes to 2 pls,"I was thinking, maybe update 2 running shoes to the list.","Put 3 running shoes in there... actually no, update 2 instead."
cmd_1061,remove,winter jacket,8,Remove 8 winter jacket.,remove 8 wntr jacket,"Hey, I changed my mind, can you remove 8 winter jacket?","Put 7 winter jacket in there... actually no, remove 8 instead."
cmd_1062,add,wireless mouse,6,Add 6 wireless mouse.,add 6 wireless mouse pls,"Umm, could you go ahead and add 6 wireless mouse?","Put 7 wireless mouse in there... actually no, add 6 instead."
cmd_1063,update,balsamic vinegar,3,Update balsamic vinegar to 3.,update balsmc vinegar to 3,"Oh, I almost forgot, please update 3 balsamic vinegar.","I need 2 balsamic vinegar, hold on, change that to 3."
cmd_1064,add,coffee beans,5,Add 5 coffee beans.,add 5 coffee beans,"So, uh, for the coffee beans, let's add 5.","Add 3 coffee beans... wait, actually make it 5."
cmd_1065,remove,dog food,9,Remove 9 dog food.,remove 9 dog food pls,"Oh, I almost forgot, please remove 9 dog food.","Put 11 dog food in there... actually no, remove 9 instead."
cmd_1066,add,pasta,3,Add 3 pasta.,add 3 pasta pls,"Oh, I almost forgot, please add 3 pasta.","Add pasta, let's say 2 of them... wait, double check that, just do 3."
cmd_1067,remove,salmon fillet,4,Remove 4 salmon fillet.,remove 4 salmon fillet pls,"Alright, so I also want to remove 4 salmon fillet.","Put 2 salmon fillet in there... actually no, remove 4 instead."
cmd_1068,add,salt,3,Add 3 salt.,add 3 salt rn,"I was thinking, maybe add 3 salt to the list.","Add salt, let's say 6 of them... wait, double check that, just do 3."
cmd_1069,add,toothpaste,8,Add 8 toothpaste.,add 8 toothpaste rn,"Oh, I almost forgot, please add 8 toothpaste.","I need 9 toothpaste, hold on, change that to 8."
cmd_1070,add,trash bags,5,Add 5 trash bags.,add 5 trash bags,"Oh, I almost forgot, please add 5 trash bags.","Put 6 trash bags in there... actually no, add 5 instead."
cmd_1071,update,bananas,2,Update bananas to 2.,update bananas to 2,"Oh, I almost forgot, please update 2 bananas.","Update bananas, let's say 4 of them... wait, double check that, just do 2."
cmd_1072,add,shampoo,2,Add 2 shampoo.,add 2 shampoo pls,"So, uh, for the shampoo, let's add 2.","I need 5 shampoo, hold on, change that to 2."
cmd_1073,remove,toothpaste,5,Remove 5 toothpaste.,remove 5 tothpast rn,"Oh, I almost forgot, please remove 5 toothpaste.","Remove toothpaste, let's say 7 of them... wait, double check that, just do 5."
cmd_1074,update,balsamic vinegar,7,Update balsamic vinegar to 7.,updat balsamic vingar to 7,"I was thinking, maybe update 7 balsamic vinegar to the list.","I need 5 balsamic vinegar, hold on, change that to 7."
cmd_1075,update,salt,8,Update salt to 8.,update salt to 8,"I was thinking, maybe update 8 salt to the list.","Put 6 salt in there... actually no, update 8 instead."
cmd_1076,update,usb-c cable,1,Update usb-c cable to 1.,update usb-c cable to 1,"So, uh, for the usb-c cable, let's update 1.","I need 2 usb-c cable, hold on, change that to 1."
cmd_1077,add,socks,8,Add 8 socks.,add 8 socks,"Hey, I changed my mind, can you add 8 socks?","I need 7 socks, hold on, change that to 8."
cmd_1078,update,coffee beans,6,Update coffee beans to 6.,update coffee beans to 6,"I was thinking, maybe update 6 coffee beans to the list.","Update coffee beans, let's say 4 of them... wait, double check that, just do 6."
cmd_1079,remove,frozen pizza,8,Remove 8 frozen pizza.,remove 8 frozen pizza,"Alright, so I also want to remove 8 frozen pizza.","Put 9 frozen pizza in there... actually no, remove 8 instead."
cmd_1080,add,paper towels,1,Add 1 paper towels.,add 1 paper towels,"Umm, could you go ahead and add 1 paper towels?","Add paper towels, let's say 3 of them... wait, double check that, just do 1."
cmd_1081,update,body wash,2,Update body wash to 2.,updat body wash to 2,"Alright, so I also want to update 2 body wash.","I need 4 body wash, hold on, change that to 2."
cmd_1082,update,ground beef,2,Update ground beef to 2.,update ground beef to 2 rn,"Hey, I changed my mind, can you update 2 ground beef?","Put 1 ground beef in there... actually no, update 2 instead."
cmd_1083,add,salt,4,Add 4 salt.,add 4 salt,"Alright, so I also want to add 4 salt.","Put 6 salt in there... actually no, add 4 instead."
cmd_1084,remove,usb-c cable,9,Remove 9 usb-c cable.,remove 9 usb-c cable,"So, uh, for the usb-c cable, let's remove 9.","Remove usb-c cable, let's say 10 of them... wait, double check that, just do 9."
cmd_1085,remove,sponge,4,Remove 4 sponge.,remove 4 sponge pls,"Oh, I almost forgot, please remove 4 sponge.","Put 3 sponge in there... actually no, remove 4 instead."
cmd_1086,add,olive oil,8,Add 8 olive oil.,add 8 olive oil,"Umm, could you go ahead and add 8 olive oil?","Add olive oil, let's say 7 of them... wait, double check that, just do 8."
cmd_1087,remove,ground beef,1,Remove 1 ground beef.,remove 1 ground bef,"So, uh, for the ground beef, let's remove 1.","Put 3 ground beef in there... actually no, remove 1 instead."
cmd_1088,add,toothbrush,6,Add 6 toothbrush.,add 6 toothbrush,"I was thinking, maybe add 6 toothbrush to the list.","Add toothbrush, let's say 9 of them... wait, double check that, just do 6."
cmd_1089,remove,dog food,3,Remove 3 dog food.,remove 3 dog food,"Umm, could you go ahead and remove 3 dog food?","Remove dog food, let's say 6 of them... wait, double check that, just do 3."
cmd_1090,add,pet treats,9,Add 9 pet treats.,add 9 pet treats pls,"Oh, I almost forgot, please add 9 pet treats.","Add 10 pet treats... wait, actually make it 9."
cmd_1091,add,frozen pizza,2,Add 2 frozen pizza.,add 2 frozen pizza,"Hey, I changed my mind, can you add 2 frozen pizza?","Add 1 frozen pizza... wait, actually make it 2."
cmd_1092,update,tomato sauce,2,Update tomato sauce to 2.,update tomt sauce to 2 rn,"So, uh, for the tomato sauce, let's update 2.","Put 3 tomato sauce in there... actually no, update 2 instead."
cmd_1093,update,sugar,5,Update sugar to 5.,update sugar to 5,"Umm, could you go ahead and update 5 sugar?","Update 6 sugar... wait, actually make it 5."
cmd_1094,update,dark chocolate bar,9,Update dark chocolate bar to 9.,update dark chocolate bar to 9,"Oh, I almost forgot, please update 9 dark chocolate bar.","Put 7 dark chocolate bar in there... actually no, update 9 instead."
cmd_1095,add,shampoo,10,Add 10 shampoo.,add 10 shampoo pls,"I was thinking, maybe add 10 shampoo to the list.","I need 9 shampoo, hold on, change that to 10."
cmd_1096,update,usb-c cable,8,Update usb-c cable to 8.,update usb-c cabl to 8,"Uhm, let me see... could you please update 8 usb-c cable?","I need 9 usb-c cable, hold on, change that to 8."
cmd_1097,add,dish soap,3,Add 3 dish soap.,add 3 dish sap,"Oh, I almost forgot, please add 3 dish soap.","Add dish soap, let's say 5 of them... wait, double check that, just do 3."
cmd_1098,add,toothpaste,9,Add 9 toothpaste.,add 9 tothpste pls,"Alright, so I also want to add 9 toothpaste.","Add 12 toothpaste... wait, actually make it 9."
cmd_1099,update,apples,6,Update apples to 6.,update apples to 6,"So, uh, for the apples, let's update 6.","Put 7 apples in there... actually no, update 6 instead."
cmd_1100,remove,fish flakes,4,Remove 4 fish flakes.,remove 4 fish flakes,"So, uh, for the fish flakes, let's remove 4.","Remove fish flakes, let's say 7 of them... wait, double check that, just do 4."
cmd_1101,update,trash bags,5,Update trash bags to 5.,update trash bags to 5 rn,"Uhm, let me see... could you please update 5 trash bags?","Put 6 trash bags in there... actually no, update 5 instead."
cmd_1102,update,paper towels,1,Update paper towels to 1.,update paper towels to 1,"Umm, could you go ahead and update 1 paper towels?","I need 3 paper towels, hold on, change that to 1."
cmd_1103,update,body wash,1,Update body wash to 1.,update bdy wash to 1 pls,"Hey, I changed my mind, can you update 1 body wash?","Update 4 body wash... wait, actually make it 1."
cmd_1104,add,trash bags,4,Add 4 trash bags.,add 4 trash bags,"So, uh, for the trash bags, let's add 4.","Add trash bags, let's say 3 of them... wait, double check that, just do 4."
cmd_1105,add,sponge,7,Add 7 sponge.,add 7 sponge,"Alright, so I also want to add 7 sponge.","I need 10 sponge, hold on, change that to 7."
cmd_1106,add,conditioner,5,Add 5 conditioner.,add 5 conditioner,"Hey, I changed my mind, can you add 5 conditioner?","I need 7 conditioner, hold on, change that to 5."
cmd_1107,update,whole milk,7,Update whole milk to 7.,updte whole milk to 7 pls,"Umm, could you go ahead and update 7 whole milk?","Put 8 whole milk in there... actually no, update 7 instead."
cmd_1108,update,running shoes,7,Update running shoes to 7.,update running shoes to 7,"Hey, I changed my mind, can you update 7 running shoes?","Update running shoes, let's say 5 of them... wait, double check that, just do 7."
cmd_1109,add,eggs,9,Add 9 eggs.,add 9 eggs rn,"Oh, I almost forgot, please add 9 eggs.","Put 7 eggs in there... actually no, add 9 instead."
cmd_1110,remove,frozen pizza,6,Remove 6 frozen pizza.,remove 6 frozen pzz pls,"Hey, I changed my mind, can you remove 6 frozen pizza?","Remove 7 frozen pizza... wait, actually make it 6."
cmd_1111,update,whole milk,3,Update whole milk to 3.,update whole milk to 3,"Hey, I changed my mind, can you update 3 whole milk?","Update 4 whole milk... wait, actually make it 3."
cmd_1112,add,usb-c cable,4,Add 4 usb-c cable.,add 4 usb-c cable rn,"Hey, I changed my mind, can you add 4 usb-c cable?","I need 3 usb-c cable, hold on, change that to 4."
cmd_1113,add,orange juice,2,Add 2 orange juice.,add 2 orange jice pls,"Hey, I changed my mind, can you add 2 orange juice?","Add orange juice, let's say 4 of them... wait, double check that, just do 2."
cmd_1114,add,ground beef,1,Add 1 ground beef.,add 1 grond beef pls,"I was thinking, maybe add 1 ground beef to the list.","Add ground beef, let's say 3 of them... wait, double check that, just do 1."
cmd_1115,remove,toothbrush,10,Remove 10 toothbrush.,remove 10 toothbrush rn,"I was thinking, maybe remove 10 toothbrush to the list.","Remove toothbrush, let's say 12 of them... wait, double check that, just do 10."
cmd_1116,add,black pepper,9,Add 9 black pepper.,add 9 black pepper,"So, uh, for the black pepper, let's add 9.","I need 8 black pepper, hold on, change that to 9."
cmd_1117,update,avocado,7,Update avocado to 7.,update avcdo to 7,"Alright, so I also want to update 7 avocado.","Update avocado, let's say 9 of them... wait, double check that, just do 7."
cmd_1118,update,salt,8,Update salt to 8.,update salt to 8 pls,"Umm, could you go ahead and update 8 salt?","Put 7 salt in there... actually no, update 8 instead."
cmd_1119,add,dog food,4,Add 4 dog food.,add 4 dog food,"Oh, I almost forgot, please add 4 dog food.","I need 6 dog food, hold on, change that to 4."
cmd_1120,update,winter jacket,4,Update winter jacket to 4.,update winter jacket to 4,"Alright, so I also want to update 4 winter jacket.","Put 2 winter jacket in there... actually no, update 4 instead."
cmd_1121,add,laundry detergent,9,Add 9 laundry detergent.,add 9 laundry detergent rn,"Hey, I changed my mind, can you add 9 laundry detergent?","Put 11 laundry detergent in there... actually no, add 9 instead."
cmd_1122,remove,bird seed,10,Remove 10 bird seed.,remove 10 bird seed pls,"So, uh, for the bird seed, let's remove 10.","Put 12 bird seed in there... actually no, remove 10 instead."
cmd_1123,update,eggs,8,Update eggs to 8.,update eggs to 8,"Oh, I almost forgot, please update 8 eggs.","Update 6 eggs... wait, actually make it 8."
cmd_1124,add,whole milk,1,Add 1 whole milk.,add 1 whole milk,"So, uh, for the whole milk, let's add 1.","I need 3 whole milk, hold on, change that to 1."
cmd_1125,update,paper towels,10,Update paper towels to 10.,update paper towels to 10 rn,"Hey, I changed my mind, can you update 10 paper towels?","Update paper towels, let's say 9 of them... wait, double check that, just do 10."
cmd_1126,add,garlic,10,Add 10 garlic.,add 10 garlic rn,"Oh, I almost forgot, please add 10 garlic.","Add 9 garlic... wait, actually make it 10."
cmd_1127,update,cheddar cheese,8,Update cheddar cheese to 8.,updat cheddar cheese to 8,"Alright, so I also want to update 8 cheddar cheese.","Put 11 cheddar cheese in there... actually no, update 8 instead."
cmd_1128,remove,avocado,8,Remove 8 avocado.,remove 8 avocado,"Uhm, let me see... could you please remove 8 avocado?","Put 7 avocado in there... actually no, remove 8 instead."
cmd_1129,update,winter jacket,7,Update winter jacket to 7.,update wntr jcket to 7,"Alright, so I also want to update 7 winter jacket.","Update winter jacket, let's say 5 of them... wait, double check that, just do 7."
cmd_1130,add,sponge,5,Add 5 sponge.,add 5 sponge,"Hey, I changed my mind, can you add 5 sponge?","Put 3 sponge in there... actually no, add 5 instead."
cmd_1131,update,winter jacket,5,Update winter jacket to 5.,update winter jckt to 5 rn,"Umm, could you go ahead and update 5 winter jacket?","Update 3 winter jacket... wait, actually make it 5."
cmd_1132,remove,trash bags,4,Remove 4 trash bags.,remove 4 trsh bags,"Oh, I almost forgot, please remove 4 trash bags.","Remove trash bags, let's say 6 of them... wait, double check that, just do 4."
cmd_1133,update,laundry detergent,3,Update laundry detergent to 3.,update laundry detergent to 3,"Uhm, let me see... could you please update 3 laundry detergent?","Update 4 laundry detergent... wait, actually make it 3."
cmd_1134,add,eggs,2,Add 2 eggs.,add 2 ggs pls,"Uhm, let me see... could you please add 2 eggs?","Add 4 eggs... wait, actually make it 2."
cmd_1135,update,whole milk,6,Update whole milk to 6.,update whole mlk to 6,"Uhm, let me see... could you please update 6 whole milk?","Update 9 whole milk... wait, actually make it 6."
cmd_1136,add,dog food,3,Add 3 dog food.,add 3 dog fod rn,"Uhm, let me see... could you please add 3 dog food?","Add dog food, let's say 1 of them... wait, double check that, just do 3."
cmd_1137,remove,shampoo,9,Remove 9 shampoo.,rmve 9 shampoo,"Oh, I almost forgot, please remove 9 shampoo.","Remove shampoo, let's say 7 of them... wait, double check that, just do 9."
cmd_1138,add,olive oil,1,Add 1 olive oil.,add 1 olive oil rn,"Uhm, let me see... could you please add 1 olive oil?","Put 3 olive oil in there... actually no, add 1 instead."
cmd_1139,add,paper towels,4,Add 4 paper towels.,add 4 paper towels rn,"Alright, so I also want to add 4 paper towels.","I need 5 paper towels, hold on, change that to 4."
cmd_1140,update,t-shirt,9,Update t-shirt to 9.,updt t-shirt to 9,"Uhm, let me see... could you please update 9 t-shirt?","Update t-shirt, let's say 12 of them... wait, double check that, just do 9."
cmd_1141,add,toothbrush,8,Add 8 toothbrush.,add 8 tthbrush,"Uhm, let me see... could you please add 8 toothbrush?","I need 11 toothbrush, hold on, change that to 8."
cmd_1142,update,paper towels,8,Update paper towels to 8.,update paper towels to 8,"Hey, I changed my mind, can you update 8 paper towels?","Put 11 paper towels in there... actually no, update 8 instead."
cmd_1143,add,body wash,6,Add 6 body wash.,add 6 body wash,"Oh, I almost forgot, please add 6 body wash.","Add body wash, let's say 8 of them... wait, double check that, just do 6."
cmd_1144,add,cheddar cheese,7,Add 7 cheddar cheese.,add 7 cheddr cheese rn,"Oh, I almost forgot, please add 7 cheddar cheese.","Put 6 cheddar cheese in there... actually no, add 7 instead."
cmd_1145,update,usb-c cable,4,Update usb-c cable to 4.,update usb-c cable to 4 pls,"Alright, so I also want to update 4 usb-c cable.","Update usb-c cable, let's say 7 of them... wait, double check that, just do 4."
cmd_1146,remove,sugar,3,Remove 3 sugar.,remove 3 sugar pls,"So, uh, for the sugar, let's remove 3.","I need 5 sugar, hold on, change that to 3."
cmd_1147,add,t-shirt,9,Add 9 t-shirt.,add 9 t-shirt pls,"So, uh, for the t-shirt, let's add 9.","I need 8 t-shirt, hold on, change that to 9."
cmd_1148,update,winter jacket,10,Update winter jacket to 10.,update winter jacket to 10,"Uhm, let me see... could you please update 10 winter jacket?","Update winter jacket, let's say 8 of them... wait, double check that, just do 10."
cmd_1149,remove,green tea,4,Remove 4 green tea.,remove 4 green tea,"Alright, so I also want to remove 4 green tea.","I need 5 green tea, hold on, change that to 4."
cmd_1150,update,laundry detergent,4,Update laundry detergent to 4.,update laundry detergent to 4,"Oh, I almost forgot, please update 4 laundry detergent.","Update laundry detergent, let's say 3 of them... wait, double check that, just do 4."
cmd_1151,update,pasta,1,Update pasta to 1.,update pasta to 1,"Alright, so I also want to update 1 pasta.","I need 4 pasta, hold on, change that to 1."
cmd_1152,add,salt,7,Add 7 salt.,add 7 salt pls,"Oh, I almost forgot, please add 7 salt.","Add salt, let's say 5 of them... wait, double check that, just do 7."
cmd_1153,add,laptop sleeve,1,Add 1 laptop sleeve.,add 1 laptop sleev,"Oh, I almost forgot, please add 1 laptop sleeve.","Add 3 laptop sleeve... wait, actually make it 1."
cmd_1154,remove,cat litter,1,Remove 1 cat litter.,remove 1 cat litter,"Oh, I almost forgot, please remove 1 cat litter.","I need 3 cat litter, hold on, change that to 1."
cmd_1155,remove,headphones,3,Remove 3 headphones.,remove 3 headphones,"Oh, I almost forgot, please remove 3 headphones.","Remove headphones, let's say 2 of them... wait, double check that, just do 3."
cmd_1156,update,trash bags,9,Update trash bags to 9.,update trash bags to 9 pls,"Umm, could you go ahead and update 9 trash bags?","I need 8 trash bags, hold on, change that to 9."
cmd_1157,add,orange juice,1,Add 1 orange juice.,add 1 orange juice,"I was thinking, maybe add 1 orange juice to the list.","I need 3 orange juice, hold on, change that to 1."
cmd_1158,remove,usb-c cable,6,Remove 6 usb-c cable.,remove 6 usb-c cable rn,"Umm, could you go ahead and remove 6 usb-c cable?","Put 4 usb-c cable in there... actually no, remove 6 instead."
cmd_1159,remove,Greek yogurt,2,Remove 2 Greek yogurt.,remov 2 greek yogurt pls,"So, uh, for the Greek yogurt, let's remove 2.","Remove Greek yogurt, let's say 4 of them... wait, double check that, just do 2."
cmd_1160,remove,garlic,1,Remove 1 garlic.,remove 1 garlic pls,"Oh, I almost forgot, please remove 1 garlic.","Put 3 garlic in there... actually no, remove 1 instead."
cmd_1161,remove,AA batteries,2,Remove 2 AA batteries.,remove 2 aa btters rn,"Oh, I almost forgot, please remove 2 AA batteries.","Put 1 AA batteries in there... actually no, remove 2 instead."
cmd_1162,add,olive oil,6,Add 6 olive oil.,add 6 olive il,"Umm, could you go ahead and add 6 olive oil?","Add 4 olive oil... wait, actually make it 6."
cmd_1163,add,salmon fillet,1,Add 1 salmon fillet.,add 1 slmn fillet rn,"Hey, I changed my mind, can you add 1 salmon fillet?","Add 3 salmon fillet... wait, actually make it 1."
cmd_1164,update,bird seed,10,Update bird seed to 10.,update bird seed to 10,"So, uh, for the bird seed, let's update 10.","Update bird seed, let's say 11 of them... wait, double check that, just do 10."
cmd_1165,add,conditioner,5,Add 5 conditioner.,add 5 conditioner,"Hey, I changed my mind, can you add 5 conditioner?","Add 4 conditioner... wait, actually make it 5."
cmd_1166,add,trash bags,2,Add 2 trash bags.,add 2 trash bags,"I was thinking, maybe add 2 trash bags to the list.","I need 1 trash bags, hold on, change that to 2."
cmd_1167,remove,black pepper,1,Remove 1 black pepper.,remove 1 black pepper pls,"Uhm, let me see... could you please remove 1 black pepper?","Remove 2 black pepper... wait, actually make it 1."
cmd_1168,add,usb-c cable,6,Add 6 usb-c cable.,add 6 usb-c cable,"Hey, I changed my mind, can you add 6 usb-c cable?","Add usb-c cable, let's say 8 of them... wait, double check that, just do 6."
cmd_1169,update,tofu,5,Update tofu to 5.,update tofu to 5 pls,"Uhm, let me see... could you please update 5 tofu?","Update 3 tofu... wait, actually make it 5."
cmd_1170,add,socks,1,Add 1 socks.,add 1 socks pls,"Uhm, let me see... could you please add 1 socks?","Put 2 socks in there... actually no, add 1 instead."
cmd_1171,update,wireless mouse,7,Update wireless mouse to 7.,update wireless mouse to 7 pls,"Uhm, let me see... could you please update 7 wireless mouse?","Put 8 wireless mouse in there... actually no, update 7 instead."
cmd_1172,remove,black pepper,4,Remove 4 black pepper.,rmv 4 black peppr,"I was thinking, maybe remove 4 black pepper to the list.","I need 7 black pepper, hold on, change that to 4."
cmd_1173,remove,avocado,10,Remove 10 avocado.,remove 10 avcado,"Uhm, let me see... could you please remove 10 avocado?","Remove 13 avocado... wait, actually make it 10."
cmd_1174,update,Greek yogurt,5,Update Greek yogurt to 5.,update greek yogurt to 5 rn,"I was thinking, maybe update 5 Greek yogurt to the list.","Update 7 Greek yogurt... wait, actually make it 5."
cmd_1175,update,gluten-free bread,10,Update gluten-free bread to 10.,update gluten-free bread to 10 rn,"So, uh, for the gluten-free bread, let's update 10.","I need 8 gluten-free bread, hold on, change that to 10."
cmd_1176,remove,pasta,9,Remove 9 pasta.,rmov 9 pasta rn,"Alright, so I also want to remove 9 pasta.","Remove pasta, let's say 10 of them... wait, double check that, just do 9."
cmd_1177,remove,pet treats,5,Remove 5 pet treats.,rmv 5 pet treats,"Alright, so I also want to remove 5 pet treats.","Put 8 pet treats in there... actually no, remove 5 instead."
cmd_1178,add,laundry detergent,9,Add 9 laundry detergent.,add 9 landry detergent,"Oh, I almost forgot, please add 9 laundry detergent.","Add laundry detergent, let's say 8 of them... wait, double check that, just do 9."
cmd_1179,add,green tea,2,Add 2 green tea.,add 2 green tea pls,"Umm, could you go ahead and add 2 green tea?","Put 1 green tea in there... actually no, add 2 instead."
cmd_1180,update,dog food,6,Update dog food to 6.,update dog food to 6,"Hey, I changed my mind, can you update 6 dog food?","I need 9 dog food, hold on, change that to 6."
cmd_1181,update,green tea,2,Update green tea to 2.,update green tea to 2,"Umm, could you go ahead and update 2 green tea?","Update green tea, let's say 4 of them... wait, double check that, just do 2."
cmd_1182,add,Greek yogurt,5,Add 5 Greek yogurt.,add 5 greek yogurt pls,"Oh, I almost forgot, please add 5 Greek yogurt.","Add 4 Greek yogurt... wait, actually make it 5."
cmd_1183,add,avocado,5,Add 5 avocado.,add 5 avocado pls,"So, uh, for the avocado, let's add 5.","Add 7 avocado... wait, actually make it 5."
cmd_1184,remove,dish soap,7,Remove 7 dish soap.,rmove 7 dish soap,"I was thinking, maybe remove 7 dish soap to the list.","Remove 9 dish soap... wait, actually make it 7."
cmd_1185,remove,paper towels,6,Remove 6 paper towels.,rmve 6 ppr towels,"Uhm, let me see... could you please remove 6 paper towels?","Remove 8 paper towels... wait, actually make it 6."
cmd_1186,remove,fish flakes,2,Remove 2 fish flakes.,remove 2 fsh flakes,"I was thinking, maybe remove 2 fish flakes to the list.","Put 3 fish flakes in there... actually no, remove 2 instead."
cmd_1187,update,pasta,1,Update pasta to 1.,update pasta to 1 rn,"I was thinking, maybe update 1 pasta to the list.","Update 3 pasta... wait, actually make it 1."
cmd_1188,update,salt,2,Update salt to 2.,update salt to 2,"Uhm, let me see... could you please update 2 salt?","Update 3 salt... wait, actually make it 2."
cmd_1189,update,balsamic vinegar,8,Update balsamic vinegar to 8.,updat blsamc vinegar to 8 pls,"Alright, so I also want to update 8 balsamic vinegar.","Update balsamic vinegar, let's say 7 of them... wait, double check that, just do 8."
cmd_1190,add,winter jacket,3,Add 3 winter jacket.,add 3 winter jacket,"Uhm, let me see... could you please add 3 winter jacket?","Put 1 winter jacket in there... actually no, add 3 instead."
cmd_1191,add,eggs,10,Add 10 eggs.,add 10 eggs rn,"Umm, could you go ahead and add 10 eggs?","Add 11 eggs... wait, actually make it 10."
cmd_1192,remove,pasta,1,Remove 1 pasta.,remove 1 pasta pls,"So, uh, for the pasta, let's remove 1.","Remove pasta, let's say 2 of them... wait, double check that, just do 1."
cmd_1193,remove,olive oil,4,Remove 4 olive oil.,remove 4 olv oil,"So, uh, for the olive oil, let's remove 4.","Remove 6 olive oil... wait, actually make it 4."
cmd_1194,update,usb-c cable,10,Update usb-c cable to 10.,update usb-c cable to 10 rn,"Uhm, let me see... could you please update 10 usb-c cable?","Update 13 usb-c cable... wait, actually make it 10."
cmd_1195,add,balsamic vinegar,5,Add 5 balsamic vinegar.,add 5 balsamic vngr pls,"Alright, so I also want to add 5 balsamic vinegar.","Add balsamic vinegar, let's say 7 of them... wait, double check that, just do 5."
cmd_1196,add,bananas,3,Add 3 bananas.,add 3 bananas rn,"Hey, I changed my mind, can you add 3 bananas?","Put 6 bananas in there... actually no, add 3 instead."
cmd_1197,add,pasta,9,Add 9 pasta.,add 9 psta,"Oh, I almost forgot, please add 9 pasta.","Add pasta, let's say 10 of them... wait, double check that, just do 9."
cmd_1198,add,fish flakes,7,Add 7 fish flakes.,add 7 fish flkes,"Hey, I changed my mind, can you add 7 fish flakes?","Add fish flakes, let's say 6 of them... wait, double check that, just do 7."
cmd_1199,update,olive oil,7,Update olive oil to 7.,update olive oil to 7,"Uhm, let me see... could you please update 7 olive oil?","Update 9 olive oil... wait, actually make it 7."
cmd_1200,update,apples,3,Update apples to 3.,update apples to 3,"Umm, could you go ahead and update 3 apples?","I need 4 apples, hold on, change that to 3."
